82.357,-6.4363,-0.23229,11.37,-6.4086,0.017258,2.8626,2.3824,-4.3704,-5.1612,-4.1281,-1.8516,3.8371,4.5368,-3.0726,4.3628,-6.0174,-2.667,5.698,7.3779,-6.3093,2.9177,6.4129,-4.2914,-4.902,10.582,1.5309,-5.7412,2.2176,0.84027,-7.3283,0.36035,16.188,-3.1421,4.9799,0.43381,13.797,10.327,-2.3726,-2.7991,7.2288,8.9466,-7.0629,-1.9376,5.3925,1.1118,3.2119,-4.2525,-4.6052,7.8365,-4.2688,6.803,0.99564,-5.3059,9.4264,1.0441,0.035026,2.1901,3.2343,0.13211,-0.87439,-0.70473,9.0438,11.321,-10.827,0.9297,6.7099,-4.9445,-4.7679,-13.465,2.8247,-4.5814,-8.634,2.5491,8.2769,0.4377,6.7782,-1.3591,-1.3644,6.4794,3.7441,6.8186,0.56798,-7.2896,-4.2608,-1.5934,1.6929,-1.2045,-0.50594,-1.3485,-1.922,11.158,6.3171,-0.12428,-7.8065,-11.114,-4.3258,4.8947,-1.4089,-3.4557
-6.4363,84.826,-3.9613,3.7458,-2.9593,1.9058,-4.2279,-4.7163,-1.6987,5.1393,0.6809,3.9102,-5.2611,9.332,-2.2883,1.6903,0.050671,-1.8448,1.0659,5.2881,3.0749,5.271,10.404,0.89491,0.19723,-7.3289,-0.074323,-2.0754,2.9705,-3.0306,-0.73674,0.15838,-4.6318,-2.1089,-8.0797,3.1769,3.1968,-1.6329,-5.5981,-1.5547,-5.0747,9.3261,-1.342,4.3135,-1.029,-10.015,-5.6716,-3.9581,3.6757,-3.0177,-9.5706,-7.3819,6.948,2.3123,12.073,4.3602,5.1918,1.9268,-0.99108,-2.1354,-10.047,-4.0972,6.5196,-4.5403,1.0952,2.8858,-2.5432,-0.38333,9.3331,-2.7663,-3.734,-0.33585,-3.7807,8.1664,-6.804,-5.0489,-6.6252,1.6683,-3.1334,0.13295,1.0616,-4.06,2.2518,3.7336,-1.8741,-8.4374,-2.9248,0.9767,-7.982,8.6009,-4.0259,0.53798,2.5226,-1.0839,1.3305,8.9708,8.8144,-0.78641,-5.8138,-4.6389
-0.23229,-3.9613,80.388,-3.6138,-0.31577,3.0439,-1.6294,0.86229,2.3695,-1.989,6.5964,4.5624,7.4112,2.4796,1.0684,0.0091054,10.173,0.54708,-5.5269,-5.4811,5.3408,0.8794,-10.627,-0.55014,-4.5926,1.049,6.2858,2.2411,5.6918,-6.8154,-1.1138,-7.6256,1.7798,-4.1461,2.4865,2.6698,2.6728,-5.1555,7.3457,2.5261,0.88974,-2.0148,-1.3022,4.9754,0.60788,-3.097,1.5906,-3.806,-1.2239,4.4268,5.6202,0.49556,-5.8406,-5.8916,-1.2685,-4.7551,-6.0964,-4.6425,1.5462,-1.6009,-9.8034,-11.762,-4.9795,7.2395,3.4221,-6.7388,-1.4795,-7.0608,0.88417,-0.93534,-11.938,6.1132,7.405,3.9098,2.0048,12.475,3.1543,0.057453,-4.3776,2.7751,-3.5738,3.5153,3.2678,9.8785,3.0111,-2.4474,-1.4703,1.6902,-4.9608,-5.3015,-2.5202,-7.9081,-5.1748,2.9407,0.094695,7.2347,-2.1901,2.5627,-3.152,-0.8095
11.37,3.7458,-3.6138,87.757,-1.3856,-1.6032,-3.4624,6.1653,2.8634,3.23,5.9999,-7.5298,-2.0979,-1.6055,-2.864,-3.8656,6.68,-5.567,4.2873,-3.2686,6.6005,-0.88565,6.4891,-1.3019,-3.49,2.0039,1.5385,1.0174,-3.1024,3.6596,-1.5259,8.539,2.334,2.2823,2.0637,-3.0141,-1.427,1.6368,-4.5122,3.434,3.9263,-1.6021,-3.3808,-5.9032,-0.69452,4.1112,-6.9317,3.4963,0.80691,-3.0234,-4.452,3.1123,-3.6924,7.4972,-1.3475,-1.0191,-0.95795,2.2203,0.3208,9.671,-1.9609,-0.73798,-2.1307,10.811,2.4396,3.1348,-8.0366,8.1394,7.3796,-2.1259,3.5799,14.656,8.1641,11.273,-11.654,-7.2247,4.3689,-5.0376,-2.9879,4.2576,3.3748,-3.3361,-3.37,-1.8934,6.0689,0.077551,-6.3967,-0.01158,8.8179,-0.2051,1.902,2.0148,-1.6368,-4.7523,6.4107,-2.0559,-17.245,-6.5068,-7.3462,-6.1011
-6.4086,-2.9593,-0.31577,-1.3856,91.862,2.2272,1.4144,-0.38477,-1.7417,6.0767,0.49133,1.346,-4.1703,-3.1392,0.28949,5.8672,-0.073241,-0.11323,5.0203,6.0481,-8.3394,-7.7668,-5.5322,6.5779,-2.1023,0.37134,6.6826,1.7826,2.9158,4.0471,6.1801,5.4604,-5.7438,-3.1741,4.257,-0.98046,0.23219,0.45137,3.7143,-2.863,0.53642,-4.8711,0.83533,3.2288,15.54,-11.148,-5.1184,-1.2466,-2.3506,3.5666,6.1266,-5.4777,-3.2005,0.67651,0.60708,2.012,-4.917,7.1276,-0.032238,0.89411,9.7543,2.5852,-5.0164,-1.9544,0.065958,-0.68208,-7.6668,2.9669,6.528,6.9367,0.76315,-1.6301,6.9976,2.437,4.7263,-5.5042,-3.3306,3.0069,8.9925,-2.2563,-1.2028,3.8298,-4.7442,-6.4973,8.194,-1.0706,-9.5521,1.1196,-0.45646,0.72809,0.0028403,0.72343,-8.1224,2.557,8.3934,0.012832,-7.9733,-5.7747,7.3669,-9.557
0.017258,1.9058,3.0439,-1.6032,2.2272,78.681,-1.5399,1.1265,-0.44517,-1.1979,-9.3703,1.6227,-7.8999,-3.3251,5.5586,-4.1663,-1.7674,7.2527,-2.2579,0.57306,5.012,-6.2457,-5.377,-7.4408,0.56541,-5.9569,0.9978,1.7317,2.2517,-13.26,7.7612,-0.36443,-2.5605,7.6243,1.3687,-2.5686,-2.2961,14.085,-1.4245,10.249,6.9518,-2.5534,10.198,-0.12435,3.3964,2.0599,2.3448,6.7702,4.6568,5.4992,-3.6364,0.019485,3.9174,8.1994,5.1703,-3.8176,-2.2843,-3.9402,4.3046,0.96607,-2.3458,-9.8651,5.249,-7.1861,0.6146,-2.6349,-1.0786,-4.6816,-0.95559,-8.4271,-1.0368,1.1891,4.854,9.4554,-3.5978,-6.1025,-0.42337,8.0686,3.0952,-6.0418,-3.2373,-0.49169,-0.98641,-8.6479,5.4904,-9.5196,-11.884,-2.9472,1.7997,5.1655,3.2241,-2.6093,5.808,8.4054,-1.3279,-7.9557,3.8146,-1.3168,-4.1853,-6.4484
2.8626,-4.2279,-1.6294,-3.4624,1.4144,-1.5399,87.927,0.6227,-4.8895,1.7375,-4.5049,5.5402,-4.6664,0.52576,6.4332,-0.55475,-3.326,-4.6702,13.025,2.7628,-5.6855,0.47596,3.408,1.0002,-0.67442,-1.007,-1.3765,-7.4263,8.0196,-13.296,-4.4553,-11.062,4.5641,7.3219,1.7756,2.7971,0.359,-1.6815,-2.7776,1.3859,2.3892,1.8338,-0.33885,-4.0083,7.1774,3.808,-0.53195,4.4339,3.0123,5.1794,5.9614,-1.9086,0.22275,-2.023,2.1154,-0.55943,1.0853,10.813,-5.4064,4.603,5.6892,0.90435,-1.127,1.8123,2.6769,-5.7151,-1.2444,5.2787,15.478,0.38737,-3.8752,-0.66511,-5.3779,3.4308,-2.9457,-4.5624,7.5126,13.319,12.778,6.8556,3.3764,-8.2473,3.9545,3.5729,-6.7778,0.045206,-2.2225,-1.7559,-3.0976,-6.3761,-7.4123,5.9935,3.6578,0.91566,2.3375,-0.26797,10.064,0.56397,3.8928,8.0951
2.3824,-4.7163,0.86229,6.1653,-0.38477,1.1265,0.6227,92.742,-8.6678,8.7265,11.473,-1.607,2.4621,-1.1195,1.5296,2.0342,-2.674,-0.40475,-5.567,-0.065827,3.7466,-3.3043,-0.74371,3.7832,-4.5148,-4.2587,7.2354,2.7362,-1.3512,1.83,10.669,6.7874,4.9321,-0.99237,-0.6145,0.26449,4.0719,3.7149,-6.2022,-4.1385,10.156,0.45563,-1.548,-11.352,-0.89556,-8.7127,12.365,1.1457,7.7735,4.3597,-2.6628,3.0162,1.0647,2.3477,9.0767,-12.292,-5.2895,0.013471,-2.1231,7.6615,-1.2128,2.2908,1.0568,11.433,-0.20023,0.71972,5.279,1.5455,7.2288,-3.0881,-0.38307,-4.5249,-0.6455,-7.712,-0.27985,-2.0592,-7.2388,-0.86594,5.3343,2.6602,7.3229,-1.8281,-0.64939,-2.2838,-0.19376,8.8331,-3.7081,-5.8654,4.1253,-6.2446,-7.6106,-7.2683,6.594,2.1018,7.1471,-0.042971,-1.1729,4.4736,-0.86763,-2.0619
-4.3704,-1.6987,2.3695,2.8634,-1.7417,-0.44517,-4.8895,-8.6678,85.524,-3.9617,7.0451,0.88617,-8.8324,-5.6202,0.90459,10.534,8.0093,-2.02,-0.11865,3.0799,3.1529,-9.3178,10.391,-3.6211,-3.8267,11.654,0.88799,-4.7735,3.4045,-0.37069,3.508,-2.285,-2.2138,6.2299,2.7127,2.3984,-4.8404,-5.6288,-1.4758,-0.48175,-4.7929,-4.1918,7.7797,-0.092471,-7.1782,-4.2161,-1.2805,-1.663,-0.3682,0.74235,-2.8059,-5.4171,2.0856,-2.063,6.4707,-4.2977,14.32,2.4981,2.7638,-5.9429,-3.3168,-3.6669,1.1878,-7.1556,-10.07,-2.7085,-6.5144,-0.25526,-13.05,11.665,-7.7035,6.9668,-0.37933,-6.8292,6.5283,-2.3142,-1.2126,-9.7172,1.9273,-0.8813,-0.81345,5.195,3.2518,13.707,2.0267,-11.71,0.044478,-10.227,5.3575,10.109,1.2451,1.0638,-1.5647,-1.9871,-4.9507,-3.5031,-4.4304,8.0061,4.0711,5.7605
-5.1612,5.1393,-1.989,3.23,6.0767,-1.1979,1.7375,8.7265,-3.9617,84.418,2.3612,-3.1104,2.2874,-2.3473,-0.0069894,-1.1234,1.343,0.74614,-0.26965,-6.5241,-8.1147,1.3666,-2.897,-10.959,-4.4935,1.3031,0.49375,-9.8071,-0.37872,0.84734,3.4007,10.203,-7.9084,4.0496,4.415,7.5574,3.612,-1.847,-3.4958,-2.3092,-1.2984,7.387,-3.1571,-2.2522,7.3325,9.067,2.5785,0.35246,5.2188,6.5203,0.94226,-2.816,15.168,-6.8174,2.0911,10.661,-4.9791,-7.3018,-2.5487,2.1926,-3.982,4.4633,-7.6632,-2.9992,1.0297,-7.5943,-4.0284,-2.7153,2.1313,-5.1603,6.578,3.1241,-5.5426,-14.244,-6.3715,-4.9055,9.9538,-3.8807,7.4862,3.8275,5.4224,-7.9622,-4.0523,1.8065,6.0557,5.6435,-2.0745,-4.1133,-6.8195,-8.0253,7.6775,1.3377,4.7603,-7.3265,-1.6017,-0.27732,8.2153,2.281,3.2539,-10.3
-4.1281,0.6809,6.5964,5.9999,0.49133,-9.3703,-4.5049,11.473,7.0451,2.3612,92.8,10.105,-7.2442,-4.6152,-4.7615,1.8545,-5.7127,3.9689,0.88328,7.833,0.40201,-0.56752,-6.8752,-2.4582,-2.2685,8.177,5.3644,-1.9887,7.477,1.3658,-2.1766,5.6527,-6.622,0.35315,-0.42021,6.734,9.0426,1.1621,-9.1578,-3.7047,-2.5469,1.683,6.628,3.9459,-2.8062,0.97606,2.3815,4.8782,4.5215,8.6651,1.3439,6.0398,-3.2385,-5.0212,3.5585,4.246,-0.56235,0.38913,7.3304,0.062126,5.8424,4.53,0.055214,1.0485,8.2351,-3.304,-3.6756,2.8234,-3.1583,6.2451,-4.1322,3.4093,14.061,-2.5477,-7.4438,-2.2574,-9.7073,-0.46655,2.4433,0.75749,-0.84398,-4.6419,-4.1787,1.3127,-1.9765,1.812,6.7339,7.4041,3.5531,1.5227,2.2744,2.5446,-4.9539,2.7025,-2.8144,9.7049,-5.4848,1.5371,0.9228,-3.4015
-1.8516,3.9102,4.5624,-7.5298,1.346,1.6227,5.5402,-1.607,0.88617,-3.1104,10.105,75.568,3.6094,8.2773,3.5454,1.0368,6.7066,-6.6991,3.1258,3.503,-12.348,-2.9391,-3.907,-1.1706,-3.7957,-3.7083,3.9115,-1.0508,8.8877,-9.0893,4.6043,2.7035,-3.0846,8.5119,-0.28908,3.6939,2.9663,-0.44632,0.52674,-10.242,-5.3818,9.9644,8.8156,7.2938,-7.9637,5.2208,1.4568,3.0439,2.8556,2.0299,0.93584,3.4566,6.6742,-2.5534,1.3138,9.0652,7.6322,10.272,3.9592,3.5429,-1.6252,3.4923,-0.0054837,0.72697,-6.1957,-2.4857,11.459,-6.9806,6.9103,-4.0168,-1.6476,-9.4521,-0.32747,-7.5218,3.3966,2.7329,-2.7047,0.78516,-6.3804,6.4951,-0.76744,0.17074,7.0589,-1.2405,-4.3532,1.0784,-0.52108,4.5573,-3.0171,-1.7675,1.2447,0.42514,-2.8264,3.5045,2.3119,-4.3426,14.466,-0.50697,3.0071,-3.1882
3.8371,-5.2611,7.4112,-2.0979,-4.1703,-7.8999,-4.6664,2.4621,-8.8324,2.2874,-7.2442,3.6094,86.533,-7.5258,-1.7327,0.18834,2.3229,-7.0217,7.5436,4.0361,-6.8977,4.6983,-3.538,-6.9371,1.3502,-7.6941,7.0364,1.9922,0.072109,2.8745,0.073978,4.7431,2.7351,-0.29062,7.9801,-5.335,-6.5045,-7.8134,4.8058,-1.9489,-0.2058,10.293,0.68071,5.3146,1.7119,7.2904,-6.7505,3.0562,10.633,7.4053,0.44643,0.92156,-7.7541,-3.8527,1.2645,8.2199,2.2983,0.52326,-0.56131,-1.696,-4.7359,-6.1203,3.7511,1.207,3.1098,-0.8644,3.5857,-0.75353,-1.63,16.457,7.6863,-2.5717,2.803,-3.0939,-8.1628,7.3564,4.88,-1.5992,0.80629,6.1166,0.18083,-5.773,-7.2426,1.5942,6.5606,4.4621,1.3656,-6.6752,2.5829,0.53939,-8.8559,7.7563,-4.2149,-4.2502,1.4543,1.071,-1.696,-4.7703,2.2859,1.2053
4.5368,9.332,2.4796,-1.6055,-3.1392,-3.3251,0.52576,-1.1195,-5.6202,-2.3473,-4.6152,8.2773,-7.5258,90.692,2.5969,6.4547,0.24742,1.1638,2.3421,-3.9243,1.6994,5.6766,-0.87512,11.889,-0.16363,-0.96931,-9.793,-3.7935,-1.3488,-6.293,2.4385,2.3028,2.7272,-0.7079,-1.8862,1.151,-4.004,5.3083,1.3589,-1.2408,2.1428,-1.8619,1.5416,-2.3731,7.4577,-8.3529,9.0859,-3.6372,-2.1599,5.6123,-9.1197,1.1635,2.5778,0.97379,-4.2385,-1.9356,5.1518,-0.10004,3.7793,0.8608,-3.3267,0.27598,8.6399,7.0521,-3.1724,9.2746,-3.9054,0.98934,11.717,0.24387,10.178,-1.6699,0.068435,-4.673,3.786,-1.9579,-1.1813,-2.7396,-7.5643,-1.0942,-8.0115,0.67603,-4.7899,1.4263,0.42314,-2.9124,0.3249,3.8944,-3.381,-1.5988,2.9802,-2.3678,5.4977,5.3309,-8.0988,-2.2881,14.885,10.067,2.0504,4.6821
-3.0726,-2.2883,1.0684,-2.864,0.28949,5.5586,6.4332,1.5296,0.90459,-0.0069894,-4.7615,3.5454,-1.7327,2.5969,77.055,1.8633,-0.44032,-0.38449,-6.8297,1.2757,-1.6732,-9.3089,-5.7973,2.4974,-5.9648,-1.4142,0.84733,-0.84694,-0.21114,0.44436,-2.2374,9.3081,1.9109,2.8615,0.97935,5.3326,10.151,-2.253,-12.316,-8.1541,0.3192,-0.98154,-0.73983,-4.9275,16.395,0.34844,-0.60414,1.9616,0.34179,2.2127,8.4651,-4.4016,-2.0432,-2.6234,4.1769,-7.6864,3.6749,0.83541,-1.6471,-0.032126,6.4565,-1.1382,1.9397,-2.6907,0.75789,-5.622,0.19516,-3.801,-6.2516,1.0596,-8.7613,-6.6304,-12.228,6.8887,0.51618,1.3727,-9.235,-2.9466,4.2456,-8.9797,-1.9,-1.3791,0.88009,-2.2189,-8.4077,5.2349,7.8273,6.3599,-8.8442,-0.47864,10.732,-5.9227,2.8113,3.4753,2.0576,-0.059526,1.664,3.0484,6.2215,-2.426
4.3628,1.6903,0.0091054,-3.8656,5.8672,-4.1663,-0.55475,2.0342,10.534,-1.1234,1.8545,1.0368,0.18834,6.4547,1.8633,89.886,1.5923,6.3093,-9.1098,8.7225,-3.2114,-1.182,-8.7683,-7.591,0.77447,-3.5107,6.2125,7.4029,4.1023,3.0941,5.1417,6.2547,-7.2341,-3.2615,0.97603,0.86473,12.436,-5.361,4.5213,-3.8134,14.28,4.7216,-1.6191,9.1712,0.69187,1.6172,5.1033,-5.5447,10.588,4.7364,-4.082,3.6182,2.949,1.6698,12.185,-1.181,2.3773,0.87892,-0.14134,5.4045,-3.6337,-1.1433,7.3047,0.45712,0.64264,7.691,1.9093,2.9585,-0.018936,-5.9733,-0.867,0.040852,-6.1824,-5.5828,6.4126,-2.903,3.9072,0.12371,3.5109,5.6674,-1.1272,7.4753,0.028808,1.7042,-5.1198,-6.0765,10.007,-2.1056,-7.1631,-2.3927,-8.3639,-6.0848,7.318,-0.73983,1.8037,4.3189,-2.1952,-1.3429,1.7017,-1.8739
-6.0174,0.050671,10.173,6.68,-0.073241,-1.7674,-3.326,-2.674,8.0093,1.343,-5.7127,6.7066,2.3229,0.24742,-0.44032,1.5923,85.564,-6.6772,4.8239,-6.6521,-1.2936,4.7872,12.719,-5.5771,-3.3242,0.95596,-1.6872,-6.8408,0.35315,-7.6616,4.708,-4.6452,4.828,1.2551,2.9371,7.9922,8.1397,1.2368,1.3119,-4.3573,-5.9328,-1.6773,0.90373,11.516,2.822,-1.9548,4.7413,4.8368,-3.6137,2.2269,1.6576,-6.7074,-13.422,-4.0513,-0.24969,-0.71862,-3.2317,7.7599,4.3332,-2.403,1.74,-0.73208,-7.3302,-0.92244,6.221,-2.7854,-0.37956,1.0778,5.5899,-0.36731,-4.3401,0.02789,5.1779,-5.6758,-0.26675,1.2964,-0.96196,-4.4197,-6.3298,-1.6651,3.7499,7.8683,9.3564,-10.046,3.8084,0.47266,1.9468,-0.69713,3.1436,4.951,9.8206,-0.040015,-7.8268,-1.131,-2.9839,1.4607,4.7486,5.4911,-0.063007,11.43
-2.667,-1.8448,0.54708,-5.567,-0.11323,7.2527,-4.6702,-0.40475,-2.02,0.74614,3.9689,-6.6991,-7.0217,1.1638,-0.38449,6.3093,-6.6772,84.371,-3.6059,4.9322,2.5313,3.0997,1.3955,-2.9938,6.1534,-5.7147,-1.9313,7.3556,0.49159,6.8252,-3.2737,2.4812,5.5127,2.5295,-4.4409,2.2205,0.84229,8.9097,-9.4035,-0.81652,7.3493,-2.4678,-3.3818,-2.5757,5.5773,-10.876,5.5678,2.1274,6.2129,-8.5141,-8.5542,6.536,1.0704,3.2596,6.724,10.418,-3.2497,-0.87419,3.4546,2.0596,-6.102,-7.9042,-3.5421,0.45573,0.13179,-0.2175,-0.80521,-5.2234,-1.1459,-2.141,-10.673,4.9098,-0.39685,-0.45765,8.0537,7.2917,0.97277,-3.0733,3.9826,-4.0383,3.5763,10.065,0.81544,-0.15983,0.3814,-6.3514,-11.768,6.4404,-4.8137,-6.5213,-7.2011,7.7519,-0.73002,-8.043,-4.893,3.6438,-2.4818,-8.1419,-4.2635,-2.5547
5.698,1.0659,-5.5269,4.2873,5.0203,-2.2579,13.025,-5.567,-0.11865,-0.26965,0.88328,3.1258,7.5436,2.3421,-6.8297,-9.1098,4.8239,-3.6059,72.451,5.1338,-5.9473,0.59374,-5.8763,2.824,3.0753,4.9961,-10.353,4.3519,-0.0226,-2.8043,-9.8101,1.1809,-1.1075,-1.6537,0.39215,-4.4525,1.3878,2.1218,-1.0993,-5.1149,6.7599,0.25692,2.7689,2.1155,3.2951,-4.7127,-0.67514,4.9856,0.1186,11.618,-1.2129,1.2378,-4.4306,-0.44772,-3.3221,-6.4013,3.6614,-3.1571,-2.5022,-0.48375,-2.9094,0.759,6.0133,1.7815,0.43836,-2.2798,-6.9736,-0.27087,-2.5261,0.020974,-0.027869,-5.7614,13.414,2.9118,6.599,-7.4792,-1.5055,-0.037166,5.493,3.049,-10.26,3.5333,3.6134,9.8138,1.7143,6.7485,4.2974,3.8355,5.949,-1.9399,0.20239,9.0335,-1.4538,0.4268,2.7034,-6.4763,-9.7716,0.66452,-10.483,5.5832
7.3779,5.2881,-5.4811,-3.2686,6.0481,0.57306,2.7628,-0.065827,3.0799,-6.5241,7.833,3.503,4.0361,-3.9243,1.2757,8.7225,-6.6521,4.9322,5.1338,76.759,-3.9137,5.1603,-2.7132,2.9528,-5.0673,3.8926,-0.14289,-6.3656,-0.59731,1.1753,-0.34417,-5.0898,-11.071,5.275,-1.8866,0.46942,3.2876,2.7335,5.291,-0.29649,1.9677,-11.531,-4.5588,1.6192,0.72853,2.8867,-1.1348,-10.509,10.253,6.4067,-2.2664,5.2505,7.6379,3.7848,-0.13693,-7.8269,-3.1164,-5.2678,-1.6849,-3.4147,-5.2074,7.3671,-6.0747,0.31707,2.2796,7.933,8.5944,-1.2653,1.332,3.778,-1.8311,-0.79591,4.212,-0.14679,-0.40535,-1.2715,3.0616,-0.39729,5.542,5.2999,2.6517,5.2301,9.778,5.5251,-8.5899,-4.3843,5.7682,0.78134,-9.5723,-0.07829,-2.9519,3.3331,6.5102,-7.6827,-1.1266,-1.7574,-1.2912,1.5196,9.6032,2.2466
-6.3093,3.0749,5.3408,6.6005,-8.3394,5.012,-5.6855,3.7466,3.1529,-8.1147,0.40201,-12.348,-6.8977,1.6994,-1.6732,-3.2114,-1.2936,2.5313,-5.9473,-3.9137,74.962,2.1696,-2.3941,3.6584,4.4382,-1.1323,3.5096,-0.090586,-11.467,-2.5485,2.0512,-5.2809,-3.1461,-3.1194,-0.48953,6.5201,-6.8438,-3.3526,2.4682,6.7441,-6.3537,-1.3379,7.4509,-5.7716,1.654,-1.8884,7.7871,0.95416,4.26,4.0396,4.0815,-0.44066,2.396,-1.4093,8.0023,3.2233,2.761,-9.6549,-1.353,1.441,1.1608,-10.807,-3.8963,-2.2746,4.5036,0.50539,-1.9865,-0.72802,-8.9618,2.3592,-1.7627,-1.9751,-0.079874,4.7589,-7.1174,2.4248,1.3429,-7.6529,1.3915,-6.4487,2.2157,3.5894,1.6983,-2.9589,-8.4245,3.3652,-2.1462,-9.1242,-3.9728,1.7626,-10.436,-4.5455,-8.5459,1.026,3.4952,-2.5774,-6.4596,1.2245,0.67306,-6.1701
2.9177,5.271,0.8794,-0.88565,-7.7668,-6.2457,0.47596,-3.3043,-9.3178,1.3666,-0.56752,-2.9391,4.6983,5.6766,-9.3089,-1.182,4.7872,3.0997,0.59374,5.1603,2.1696,89.076,11.03,13.064,-11.233,-2.9048,-6.9425,-2.6422,-0.033579,-3.7904,0.4891,-3.5871,-0.93537,3.0949,-9.1074,-1.0259,0.21318,-5.6232,7.8193,-7.4825,-5.208,2.5073,-11.149,2.5663,-7.2678,-5.243,7.8503,1.3744,15.195,-6.943,1.3767,4.4546,-3.0548,-2.076,-4.6835,-2.274,13.321,-8.6147,6.6456,-1.2552,-3.2438,-2.2032,-4.6804,3.5697,10.251,-1.3984,7.6836,5.8921,-10.848,3.2723,-5.6403,-4.0627,-1.0685,-4.807,-0.044305,-4.6553,1.304,2.3624,-6.4745,5.1651,-7.9027,2.7598,5.537,0.70274,-8.0907,-8.5113,-1.4466,-0.2216,5.4514,5.6612,9.7859,1.0912,4.1386,-8.7124,1.5128,1.1566,-6.6616,0.60948,-0.050339,-0.22044
6.4129,10.404,-10.627,6.4891,-5.5322,-5.377,3.408,-0.74371,10.391,-2.897,-6.8752,-3.907,-3.538,-0.87512,-5.7973,-8.7683,12.719,1.3955,-5.8763,-2.7132,-2.3941,11.03,94.662,8.4222,-1.4396,-8.3822,-1.4778,-13.16,1.0629,-4.4313,0.4637,11.507,1.8176,-0.61398,0.22808,0.37766,1.0691,9.2817,1.0392,4.2442,4.1484,-0.048906,-7.5874,5.2291,0.37147,1.6355,-11.636,7.3273,-10.036,3.2466,-3.64,-5.3628,-7.124,-11.712,1.5995,1.3721,7.855,-3.9444,-5.2476,-1.9098,2.5057,-3.5553,-9.6439,-2.9783,6.6649,11.442,6.2088,-3.2772,3.4757,8.8402,1.4394,-0.92816,-5.2772,-4.3269,5.5707,-0.87347,-6.058,1.5898,-9.7637,-6.3246,-7.2024,2.6998,-2.3802,-1.9772,-3.1678,-0.42382,-1.8798,6.3691,-5.7484,9.5353,3.8133,-3.7027,1.0172,6.8977,5.0359,0.72896,-6.8492,-3.7114,-5.9007,8.6949
-4.2914,0.89491,-0.55014,-1.3019,6.5779,-7.4408,1.0002,3.7832,-3.6211,-10.959,-2.4582,-1.1706,-6.9371,11.889,2.4974,-7.591,-5.5771,-2.9938,2.824,2.9528,3.6584,13.064,8.4222,90.391,-1.197,-0.24773,6.5584,-2.6165,2.7248,4.0488,6.9537,1.2106,-9.876,1.7281,1.364,3.196,-2.7986,-1.2535,-10.388,-2.4192,-0.95506,5.7083,-5.3481,1.122,8.3689,1.4064,1.8281,-2.6751,6.5855,-2.299,4.9703,2.8142,-5.4911,-5.8876,0.76742,1.9064,14.813,-3.7289,-5.6564,0.13266,-4.7649,-1.548,2.086,-3.9728,4.2692,4.4638,1.8036,-3.0108,5.3376,7.3355,2.0476,-0.14283,1.9727,14.72,-4.0233,-3.8912,6.3195,-0.15722,-6.8684,1.0885,1.5192,0.9868,-4.0748,2.7959,-1.5689,3.3703,0.058025,-1.1794,8.8947,-0.29183,4.0756,-2.8134,-2.7813,6.8188,-9.5889,-2.053,6.095,0.90494,-3.4723,-2.3555
-4.902,0.19723,-4.5926,-3.49,-2.1023,0.56541,-0.67442,-4.5148,-3.8267,-4.4935,-2.2685,-3.7957,1.3502,-0.16363,-5.9648,0.77447,-3.3242,6.1534,3.0753,-5.0673,4.4382,-11.233,-1.4396,-1.197,87.044,2.3577,1.8792,3.9669,-2.626,3.3926,-1.0513,9.5512,0.70956,-6.8338,-4.3243,0.86629,-8.6137,5.5419,4.2049,5.0975,-0.63585,4.2172,-1.8129,-2.465,-12.693,1.0993,1.1024,-0.010885,5.409,5.536,-0.16587,-6.4534,4.4218,-6.7641,6.1814,3.6022,8.4267,-0.078739,-14.421,-1.7155,1.3599,-0.75368,3.1338,-2.1315,-2.7617,-6.8035,0.47677,-3.2917,8.8334,-4.9375,-5.9356,-9.8618,5.6997,0.99214,6.2026,-5.129,-1.5246,-3.2282,1.23,3.3801,-13.185,6.3247,-4.1817,1.0812,-7.2019,4.7779,-2.9725,0.1188,9.8494,1.1607,2.0369,-0.54373,-3.3146,-7.7655,-5.2108,-11.537,5.9483,-7.4835,-4.1757,-10.919
10.582,-7.3289,1.049,2.0039,0.37134,-5.9569,-1.007,-4.2587,11.654,1.3031,8.177,-3.7083,-7.6941,-0.96931,-1.4142,-3.5107,0.95596,-5.7147,4.9961,3.8926,-1.1323,-2.9048,-8.3822,-0.24773,2.3577,71.528,4.2227,4.2726,-0.40252,2.4621,-7.1847,-1.729,-5.588,-1.5035,-4.6501,-1.5887,5.1194,-0.10267,-6.0697,5.7088,-4.0131,2.376,-1.1592,-3.9816,-4.238,1.4892,-2.5476,-6.4989,4.6755,7.3832,-4.2054,-4.455,0.40858,2.1095,-4.494,4.6607,-3.3224,4.0329,-0.84368,-9.4277,2.8772,4.7725,-1.2044,7.3867,-7.0322,-2.1326,-9.8701,-5.6875,2.6235,-7.4584,2.8359,5.7481,-3.7816,0.64928,6.7442,-1.3598,4.0501,-5.2577,-4.8491,6.0236,1.0565,-0.13522,-3.9774,8.2614,-2.4318,-4.9708,0.75708,0.67057,4.2023,-5.9147,-5.079,0.53565,0.17347,-2.0264,0.074312,5.9163,-7.2525,-3.2536,-4.2173,6.0746
1.5309,-0.074323,6.2858,1.5385,6.6826,0.9978,-1.3765,7.2354,0.88799,0.49375,5.3644,3.9115,7.0364,-9.793,0.84733,6.2125,-1.6872,-1.9313,-10.353,-0.14289,3.5096,-6.9425,-1.4778,6.5584,1.8792,4.2227,85.22,-2.7757,3.5664,6.8127,-1.4963,5.2969,2.9656,7.3013,3.6084,2.0108,0.44807,0.86869,-3.8969,-5.08,8.8767,4.2323,6.3725,2.4886,2.6443,-1.2497,-3.0535,2.5885,2.1342,9.0545,6.7289,14.736,4.9497,10.445,3.9662,4.4874,7.0565,-0.22983,-9.4911,-5.1388,-3.827,4.1557,2.8951,6.8669,7.8849,1.958,-0.28384,4.1563,-1.6215,0.22119,5.0272,5.16,-8.2412,-1.1979,2.4523,-2.8489,-9.3851,-3.2364,14.957,-7.1948,1.8985,-18.981,-3.0195,-0.3184,-2.2536,4.947,1.0097,-1.9944,-0.077254,11.857,-3.4092,2.532,4.4061,-1.5718,-8.7213,4.4903,2.8365,6.3482,-3.3124,3.7206
-5.7412,-2.0754,2.2411,1.0174,1.7826,1.7317,-7.4263,2.7362,-4.7735,-9.8071,-1.9887,-1.0508,1.9922,-3.7935,-0.84694,7.4029,-6.8408,7.3556,4.3519,-6.3656,-0.090586,-2.6422,-13.16,-2.6165,3.9669,4.2726,-2.7757,88.712,-3.9294,-5.6953,-2.6077,-3.6501,1.0444,8.4359,-0.92754,-5.9388,-8.9625,1.542,9.3788,-5.5841,2.6852,2.4704,-11.223,9.1507,4.4105,2.9506,-6.3522,-4.5322,5.2024,-3.3378,-5.9086,1.4881,-5.5542,14.034,2.3867,-0.16539,-1.3749,1.4186,0.92484,3.6817,6.6481,6.5644,0.81139,-1.3018,-6.0314,4.8667,0.32358,6.0117,4.8071,0.86045,-4.4095,1.8308,1.9353,-1.1439,2.0035,-5.0319,-5.7328,1.5089,-1.8931,4.4236,-4.4999,-3.8354,-3.9246,6.1161,-2.9672,-0.97879,4.1497,-5.7862,-0.94982,-3.7675,-5.1619,-0.22287,-6.8887,-0.12999,-3.3842,7.1629,2.2446,-1.3013,-0.26151,-3.5071
2.2176,2.9705,5.6918,-3.1024,2.9158,2.2517,8.0196,-1.3512,3.4045,-0.37872,7.477,8.8877,0.072109,-1.3488,-0.21114,4.1023,0.35315,0.49159,-0.0226,-0.59731,-11.467,-0.033579,1.0629,2.7248,-2.626,-0.40252,3.5664,-3.9294,90.829,1.7379,-2.7587,-7.3281,0.12048,-1.8939,10.325,-0.66552,6.8549,2.4418,4.8985,-2.6611,4.0913,3.1976,-0.79448,-0.26441,4.7729,-0.34254,9.2819,-1.0539,-6.8335,4.5527,0.10417,8.1172,6.218,-1.1126,-8.8804,3.7414,2.3683,0.37474,2.8298,2.7125,1.7603,-5.6278,-2.9677,1.8355,6.239,-5.3573,-6.3735,-4.2944,-8.9373,1.5025,-7.6006,8.5393,-9.5532,1.8767,-1.5809,4.5666,5.3405,0.13346,3.0349,-0.87596,5.3823,13.253,-3.516,-4.6777,-3.6113,-11.318,5.0257,-5.6807,4.1704,3.325,9.209,7.0138,-3.8555,6.6129,-2.4229,1.5184,-5.7859,-7.1318,-5.474,-1.3664
0.84027,-3.0306,-6.8154,3.6596,4.0471,-13.26,-13.296,1.83,-0.37069,0.84734,1.3658,-9.0893,2.8745,-6.293,0.44436,3.0941,-7.6616,6.8252,-2.8043,1.1753,-2.5485,-3.7904,-4.4313,4.0488,3.3926,2.4621,6.8127,-5.6953,1.7379,95.434,5.8283,8.0639,14.499,0.31772,-3.3365,-2.0534,7.0255,8.9353,6.6401,0.22949,3.9262,4.5496,-4.3986,3.9102,-0.26333,-3.5913,-2.0621,-5.803,-3.882,-2.6695,-0.5336,-2.7549,2.1306,3.7883,-0.47544,-3.9282,7.049,0.97277,-1.724,1.6261,1.3855,5.6627,1.6661,-3.4598,3.9464,-6.9772,-0.091034,-9.1165,1.4757,-5.4257,0.033144,9.7718,4.146,4.3261,12.841,-1.4544,-6.7311,-0.095651,3.1795,0.5634,-7.3968,-1.6691,-2.7399,-3.984,2.758,1.9907,4.3434,3.0486,-2.931,-8.6429,-0.16964,-6.2816,-7.317,-3.8283,-6.1312,9.5236,0.54467,1.0587,6.8881,-5.9031
-7.3283,-0.73674,-1.1138,-1.5259,6.1801,7.7612,-4.4553,10.669,3.508,3.4007,-2.1766,4.6043,0.073978,2.4385,-2.2374,5.1417,4.708,-3.2737,-9.8101,-0.34417,2.0512,0.4891,0.4637,6.9537,-1.0513,-7.1847,-1.4963,-2.6077,-2.7587,5.8283,82.512,4.3181,-1.885,2.5489,9.972,9.9626,4.2587,4.3925,13.31,5.6258,3.7924,-0.81801,4.3458,1.5502,0.54075,-5.8418,-0.77038,3.9096,2.9732,-6.4982,1.2398,1.2658,7.5204,-0.54313,0.064759,3.9324,7.604,6.8408,-0.088108,0.44161,0.067179,8.5429,-2.2041,-3.7792,0.65422,5.5028,-9.9779,1.9773,0.051714,-4.7895,0.51481,-4.675,6.4285,4.7948,-1.8112,-1.831,1.1669,1.3916,0.30707,-3.8628,-1.0348,7.6719,1.4726,-2.7992,3.8944,5.7858,-9.1102,-0.57642,-7.6994,-2.6427,0.16168,0.72858,-7.1667,-2.9389,3.4753,1.6369,-1.5943,-1.8936,-2.4758,3.1309
0.36035,0.15838,-7.6256,8.539,5.4604,-0.36443,-11.062,6.7874,-2.285,10.203,5.6527,2.7035,4.7431,2.3028,9.3081,6.2547,-4.6452,2.4812,1.1809,-5.0898,-5.2809,-3.5871,11.507,1.2106,9.5512,-1.729,5.2969,-3.6501,-7.3281,8.0639,4.3181,86.168,2.6885,-2.7623,5.7984,1.0022,1.3946,-0.28425,5.9664,-6.3055,1.2232,1.0831,0.35867,-2.029,3.4152,2.0046,-8.0367,-5.3555,4.9472,2.3055,13.597,2.2828,3.5621,4.1092,4.5133,-0.89013,1.8736,-9.0169,-4.5209,-0.024778,-2.1068,7.9668,3.0843,4.0278,-6.4757,-0.077023,-2.8595,-1.0543,-0.74693,-13.606,1.7178,4.6219,12.618,-1.4746,2.953,6.2505,2.0438,-3.9676,2.5935,-3.6345,-1.0302,-2.2898,0.41024,-1.5529,-2.6266,2.0459,5.528,-1.1109,-7.5034,-4.7979,-2.7867,-0.15203,-3.9995,2.5842,-0.99043,-7.9626,1.6527,5.1407,-4.8094,3.4623
16.188,-4.6318,1.7798,2.334,-5.7438,-2.5605,4.5641,4.9321,-2.2138,-7.9084,-6.622,-3.0846,2.7351,2.7272,1.9109,-7.2341,4.828,5.5127,-1.1075,-11.071,-3.1461,-0.93537,1.8176,-9.876,0.70956,-5.588,2.9656,1.0444,0.12048,14.499,-1.885,2.6885,78.1,13.243,-2.3574,3.8905,-2.7948,-4.0207,-3.4053,3.6941,1.2659,0.17125,-3.127,10.439,12.963,-3.4623,3.2903,-0.99724,-16.07,2.2404,6.6528,0.88676,-11.704,1.0354,3.6903,0.029129,6.1883,-1.2214,6.7553,6.3402,7.2167,5.9602,-2.0005,-0.83782,-3.1976,0.6325,5.4539,-0.044702,-5.359,-8.5218,1.9986,0.20834,2.3752,-5.1297,4.4042,-12.724,6.3347,4.3191,-3.6162,-10.275,0.30139,-0.46917,-2.6659,-2.0351,3.189,-0.43442,-9.5012,4.4824,-1.2977,-2.1083,0.48377,4.411,-1.9673,-0.42472,-0.96683,-0.15693,5.0837,9.7282,-2.1212,5.4933
-3.1421,-2.1089,-4.1461,2.2823,-3.1741,7.6243,7.3219,-0.99237,6.2299,4.0496,0.35315,8.5119,-0.29062,-0.7079,2.8615,-3.2615,1.2551,2.5295,-1.6537,5.275,-3.1194,3.0949,-0.61398,1.7281,-6.8338,-1.5035,7.3013,8.4359,-1.8939,0.31772,2.5489,-2.7623,13.243,75.255,-7.9272,-1.5146,5.8512,3.4468,5.8581,-2.4585,4.1851,-0.42727,1.2299,5.146,-7.2481,-3.1961,6.2785,1.9324,-7.4779,1.5121,-2.033,-5.8775,-0.17287,3.2445,4.2679,-2.3348,3.7383,9.888,-4.9319,1.5176,1.4496,3.7085,-6.2165,-4.4764,-3.6483,-3.8094,3.4966,6.1008,4.9164,15.51,2.4288,9.9126,-1.5846,-0.80418,-8.6343,3.4304,9.4287,-0.24005,0.99004,-3.9413,-1.1556,-5.6818,4.9295,1.1298,-2.7015,10.389,3.4695,6.2635,0.70778,4.0564,3.3552,11.13,-2.4622,3.8403,-6.6908,-3.2425,1.3128,5.0903,6.7064,-5.4728
4.9799,-8.0797,2.4865,2.0637,4.257,1.3687,1.7756,-0.6145,2.7127,4.415,-0.42021,-0.28908,7.9801,-1.8862,0.97935,0.97603,2.9371,-4.4409,0.39215,-1.8866,-0.48953,-9.1074,0.22808,1.364,-4.3243,-4.6501,3.6084,-0.92754,10.325,-3.3365,9.972,5.7984,-2.3574,-7.9272,81.168,7.3657,-0.39527,-7.3168,7.4437,-1.7997,8.7413,6.3754,2.5237,5.434,-6.6554,4.2476,3.5908,3.3307,-2.587,-10.218,6.0855,-10.763,2.8832,-2.1923,0.37563,-0.30967,1.5537,1.2166,-6.7385,4.4963,-3.2637,-1.4231,-2.4283,3.2271,-1.8324,-0.69499,3.2409,3.66,-6.1803,8.9445,5.3633,-3.2427,2.9693,-8.6661,-10.206,3.7108,-5.7332,3.1925,1.7281,-15.932,-7.4002,11.413,-4.122,2.1387,3.835,0.039949,-9.9884,-6.6112,15.896,-2.5712,-2.4679,12.806,-4.5859,-2.1474,4.8008,-8.6808,-1.6856,1.0553,-3.7241,-4.8493
0.43381,3.1769,2.6698,-3.0141,-0.98046,-2.5686,2.7971,0.26449,2.3984,7.5574,6.734,3.6939,-5.335,1.151,5.3326,0.86473,7.9922,2.2205,-4.4525,0.46942,6.5201,-1.0259,0.37766,3.196,0.86629,-1.5887,2.0108,-5.9388,-0.66552,-2.0534,9.9626,1.0022,3.8905,-1.5146,7.3657,88.45,1.3975,10.603,10.482,11.67,5.1143,-0.47295,-6.0088,7.9312,2.4099,-1.0173,-11.947,-1.3596,-5.1135,6.8349,-0.76299,-4.7934,-1.3438,-5.4277,10.908,-2.8645,-7.6165,-5.0115,5.1051,0.48742,0.010477,3.3717,-1.2334,1.5402,-6.2818,-3.2734,0.041985,7.398,-7.346,-5.6968,-5.1301,0.12012,3.9373,0.059338,-1.9065,-7.1049,-1.3599,-1.5908,-6.7041,5.2619,-4.5993,4.3829,-11.297,-3.3836,-5.5684,11.309,0.17018,3.9502,8.2647,-2.118,6.2432,-2.7808,-8.8734,-2.7643,-2.3955,0.52181,2.1695,-0.074126,-1.4428,1.779
13.797,3.1968,2.6728,-1.427,0.23219,-2.2961,0.359,4.0719,-4.8404,3.612,9.0426,2.9663,-6.5045,-4.004,10.151,12.436,8.1397,0.84229,1.3878,3.2876,-6.8438,0.21318,1.0691,-2.7986,-8.6137,5.1194,0.44807,-8.9625,6.8549,7.0255,4.2587,1.3946,-2.7948,5.8512,-0.39527,1.3975,81.566,-5.4469,0.96119,-5.628,2.3288,-0.97593,-15.115,3.7887,-11.949,-1.9659,-3.9301,5.2289,-6.8573,3.7745,3.3682,0.10835,-3.8455,-7.8305,-0.41302,8.5606,-1.1966,3.6535,-4.6494,-2.8492,2.4886,-7.5011,-1.3797,7.2674,0.11152,2.5035,2.0948,2.1116,5.0108,-6.2839,-5.0257,7.0494,-2.5938,9.09,14.383,9.1442,0.9474,-2.8133,-5.104,-2.3187,6.524,-9.9507,1.5025,-9.0946,0.41847,5.8811,2.5637,1.3905,1.3848,1.1806,-1.5881,0.040208,2.048,1.3749,-4.1789,3.6915,3.0279,-5.2974,0.70278,1.4142
10.327,-1.6329,-5.1555,1.6368,0.45137,14.085,-1.6815,3.7149,-5.6288,-1.847,1.1621,-0.44632,-7.8134,5.3083,-2.253,-5.361,1.2368,8.9097,2.1218,2.7335,-3.3526,-5.6232,9.2817,-1.2535,5.5419,-0.10267,0.86869,1.542,2.4418,8.9353,4.3925,-0.28425,-4.0207,3.4468,-7.3168,10.603,-5.4469,89.712,5.795,5.6916,-0.38132,1.5514,4.1917,3.4859,1.3093,-3.4405,1.6585,4.8314,0.034863,4.7303,-5.2346,2.0212,2.5441,12.013,-7.6144,-0.021652,-3.9017,0.73222,1.8343,0.18493,-5.3071,-5.8583,0.42787,5.4387,8.7397,-1.5496,7.7615,4.9256,-1.4494,5.3839,-2.0417,-1.7939,-0.77927,17.739,-1.5153,3.133,4.0949,-5.1282,-5.705,2.6842,2.7989,3.157,-3.889,-0.17317,-0.25327,-5.8668,-15.165,-2.6089,-5.5051,-8.2195,-6.1442,-2.681,3.3461,2.9963,-5.7143,-6.6174,-9.0354,4.5106,0.15111,-7.5465
-2.3726,-5.5981,7.3457,-4.5122,3.7143,-1.4245,-2.7776,-6.2022,-1.4758,-3.4958,-9.1578,0.52674,4.8058,1.3589,-12.316,4.5213,1.3119,-9.4035,-1.0993,5.291,2.4682,7.8193,1.0392,-10.388,4.2049,-6.0697,-3.8969,9.3788,4.8985,6.6401,13.31,5.9664,-3.4053,5.8581,7.4437,10.482,0.96119,5.795,96.382,4.8551,-8.6117,-0.41865,-0.35678,0.6492,-2.7964,-4.127,4.1269,0.75738,-0.2549,8.0521,5.8562,1.9737,3.9283,0.58992,-1.6957,6.7205,4.4496,0.30586,2.4056,-3.7617,-4.6398,3.9507,-6.1909,-5.9075,4.0725,9.4054,2.8505,-4.013,5.7874,3.2985,3.5758,3.3273,10.906,0.19646,1.9948,-4.3272,5.0191,-0.05089,3.3103,-2.716,-3.756,1.584,-2.1308,-13.613,-3.1106,-1.9407,-2.3053,-2.3094,-4.5812,-6.9922,-9.7696,-3.5622,-0.87706,1.8446,1.1621,1.8527,2.1806,-0.024743,-3.5394,-3.3269
-2.7991,-1.5547,2.5261,3.434,-2.863,10.249,1.3859,-4.1385,-0.48175,-2.3092,-3.7047,-10.242,-1.9489,-1.2408,-8.1541,-3.8134,-4.3573,-0.81652,-5.1149,-0.29649,6.7441,-7.4825,4.2442,-2.4192,5.0975,5.7088,-5.08,-5.5841,-2.6611,0.22949,5.6258,-6.3055,3.6941,-2.4585,-1.7997,11.67,-5.628,5.6916,4.8551,75.71,-2.0461,-2.2101,5.87,4.7099,-3.5194,-7.6271,6.2769,-1.5826,-0.77383,-2.8216,-7.7659,2.3427,-1.9447,-6.9987,1.0617,-0.96882,-5.6086,-1.379,-9.0662,1.5294,2.2598,-4.7361,4.4361,-8.7906,3.746,4.8658,-4.5479,-2.6515,3.5127,10.451,-0.91576,-12.467,-0.98615,-2.6407,-1.1022,-2.9519,6.4706,2.8714,3.9953,-1.2363,-4.2327,3.8895,3.343,-8.0626,2.379,-0.71851,-4.2164,-5.3972,-1.9821,-10.833,-2.6657,-1.6224,-3.7659,-4.0889,1.1612,1.4049,-5.4892,0.71604,4.261,3.9502
7.2288,-5.0747,0.88974,3.9263,0.53642,6.9518,2.3892,10.156,-4.7929,-1.2984,-2.5469,-5.3818,-0.2058,2.1428,0.3192,14.28,-5.9328,7.3493,6.7599,1.9677,-6.3537,-5.208,4.1484,-0.95506,-0.63585,-4.0131,8.8767,2.6852,4.0913,3.9262,3.7924,1.2232,1.2659,4.1851,8.7413,5.1143,2.3288,-0.38132,-8.6117,-2.0461,71.241,-1.085,-5.2781,5.6695,-3.2014,0.46969,-4.1388,-3.5437,-9.2769,-0.046974,-3.1481,-9.0091,-3.531,7.1155,-0.088265,2.3599,-5.7226,-4.5661,0.63603,1.8802,6.8935,-1.3998,8.9057,-1.5961,-0.34565,-6.9606,-3.3591,2.5049,2.5432,1.4143,2.9612,4.965,-5.1498,1.2577,4.8679,3.5515,-9.0119,4.8075,7.5737,-4.2436,-7.2146,-0.74197,-4.1458,-7.1227,3.129,-5.2073,-5.364,-2.2233,-1.0106,2.652,-2.3234,-0.60646,-5.2269,-4.3929,-6.3608,4.4993,-2.4753,5.4676,6.1408,-4.8036
8.9466,9.3261,-2.0148,-1.6021,-4.8711,-2.5534,1.8338,0.45563,-4.1918,7.387,1.683,9.9644,10.293,-1.8619,-0.98154,4.7216,-1.6773,-2.4678,0.25692,-11.531,-1.3379,2.5073,-0.048906,5.7083,4.2172,2.376,4.2323,2.4704,3.1976,4.5496,-0.81801,1.0831,0.17125,-0.42727,6.3754,-0.47295,-0.97593,1.5514,-0.41865,-2.2101,-1.085,88.199,-6.0084,-1.7984,7.4963,9.6381,-3.1879,6.8307,-0.078134,10.28,1.1355,-6.0209,-2.0326,-7.7656,-5.6584,4.5697,-4.5383,-8.47,-6.9705,3.0622,-3.6418,-0.18124,-0.39733,0.18719,-2.235,-2.2155,3.8829,-0.55985,-7.4291,2.8837,6.8809,2.7786,-6.5993,0.77606,-1.3076,4.0832,5.8138,-2.6668,3.2851,-0.40077,0.87334,-3.1624,5.607,0.67871,-10.483,-1.0664,0.26654,-0.39541,-0.75513,-6.6071,0.017958,1.3447,5.8453,-5.8912,-5.3208,-17.038,5.1917,0.16716,4.2531,-4.3523
-7.0629,-1.342,-1.3022,-3.3808,0.83533,10.198,-0.33885,-1.548,7.7797,-3.1571,6.628,8.8156,0.68071,1.5416,-0.73983,-1.6191,0.90373,-3.3818,2.7689,-4.5588,7.4509,-11.149,-7.5874,-5.3481,-1.8129,-1.1592,6.3725,-11.223,-0.79448,-4.3986,4.3458,0.35867,-3.127,1.2299,2.5237,-6.0088,-15.115,4.1917,-0.35678,5.87,-5.2781,-6.0084,75.857,-7.7489,-0.84382,0.84798,2.7235,7.9666,-1.7009,-6.5755,3.2353,-1.0653,-1.7795,1.1059,2.8266,-7.5921,6.6309,1.0592,-2.1348,-3.559,-3.0331,-4.5379,13.463,0.090905,2.2691,7.9643,-15.69,4.0166,-0.34046,-6.3265,8.0683,-4.9533,0.82651,-2.6422,3.7504,-1.057,-4.5793,-6.5519,-0.92126,9.2621,-8.2644,-3.4323,5.8938,0.40242,-4.6026,3.3501,-4.5781,3.2699,-0.70298,-2.2343,-1.8207,-6.1038,0.29809,-0.9826,-6.0659,0.71312,-3.4942,5.4474,5.9288,-4.655
-1.9376,4.3135,4.9754,-5.9032,3.2288,-0.12435,-4.0083,-11.352,-0.092471,-2.2522,3.9459,7.2938,5.3146,-2.3731,-4.9275,9.1712,11.516,-2.5757,2.1155,1.6192,-5.7716,2.5663,5.2291,1.122,-2.465,-3.9816,2.4886,9.1507,-0.26441,3.9102,1.5502,-2.029,10.439,5.146,5.434,7.9312,3.7887,3.4859,0.6492,4.7099,5.6695,-1.7984,-7.7489,86.057,1.9896,-3.2504,1.8882,2.4513,-15.264,-7.7071,1.4097,9.3116,-1.8343,1.0715,-1.0752,1.9793,-5.8247,11.117,6.9808,-4.1404,1.3071,-5.7259,-1.0806,-8.1832,-2.0769,3.1918,-0.80681,-12.394,1.0113,3.2417,-12.788,10.037,-8.3927,-5.4977,12.704,3.8873,3.9085,-3.2708,-3.527,-8.6158,-4.0633,-0.42064,2.543,0.61703,-2.266,-0.93288,5.7408,-4.0403,1.4314,-13.222,-10.19,5.3751,-1.1777,4.4349,5.7494,0.10344,-7.2148,6.6772,-0.11643,-1.9399
5.3925,-1.029,0.60788,-0.69452,15.54,3.3964,7.1774,-0.89556,-7.1782,7.3325,-2.8062,-7.9637,1.7119,7.4577,16.395,0.69187,2.822,5.5773,3.2951,0.72853,1.654,-7.2678,0.37147,8.3689,-12.693,-4.238,2.6443,4.4105,4.7729,-0.26333,0.54075,3.4152,12.963,-7.2481,-6.6554,2.4099,-11.949,1.3093,-2.7964,-3.5194,-3.2014,7.4963,-0.84382,1.9896,92.719,3.5475,0.035177,4.509,-4.5303,3.9621,1.7904,8.2226,3.6547,-1.1586,9.1841,-2.6369,-5.7452,-15.259,-8.6984,-2.8085,8.3316,-6.4933,-10.495,-5.6774,-8.8869,5.5939,8.1814,0.2107,-7.2972,8.904,-0.80623,-2.2809,-0.0010845,1.068,1.1175,-9.5006,-3.4975,0.45233,0.10693,2.5461,5.9332,-2.2545,4.5355,-3.8421,0.73777,6.1734,-11.332,5.1283,-0.12693,3.3248,3.5347,6.6826,0.79398,4.3349,-2.9444,-1.9972,0.82999,-2.309,-3.1844,7.1073
1.1118,-10.015,-3.097,4.1112,-11.148,2.0599,3.808,-8.7127,-4.2161,9.067,0.97606,5.2208,7.2904,-8.3529,0.34844,1.6172,-1.9548,-10.876,-4.7127,2.8867,-1.8884,-5.243,1.6355,1.4064,1.0993,1.4892,-1.2497,2.9506,-0.34254,-3.5913,-5.8418,2.0046,-3.4623,-3.1961,4.2476,-1.0173,-1.9659,-3.4405,-4.127,-7.6271,0.46969,9.6381,0.84798,-3.2504,3.5475,77.574,-5.686,12.764,3.0583,1.4478,3.8907,-4.3204,3.3154,-4.047,-8.4628,9.207,-0.10826,7.4566,5.2052,-6.2513,-9.3396,-2.8527,-0.32938,2.5965,-4.0992,-3.7183,-6.3751,-3.3409,0.04264,-0.40525,3.7287,3.5991,8.1579,-3.9694,-0.81304,5.2461,5.4733,5.6208,1.1594,2.3661,-5.5772,-5.5444,4.5907,-2.1869,6.3418,12.457,7.2636,-0.2572,6.0173,2.4083,-7.284,-1.8363,1.0832,0.14518,-6.8909,2.3103,6.1731,2.5938,1.6226,3.9795
3.2119,-5.6716,1.5906,-6.9317,-5.1184,2.3448,-0.53195,12.365,-1.2805,2.5785,2.3815,1.4568,-6.7505,9.0859,-0.60414,5.1033,4.7413,5.5678,-0.67514,-1.1348,7.7871,7.8503,-11.636,1.8281,1.1024,-2.5476,-3.0535,-6.3522,9.2819,-2.0621,-0.77038,-8.0367,3.2903,6.2785,3.5908,-11.947,-3.9301,1.6585,4.1269,6.2769,-4.1388,-3.1879,2.7235,1.8882,0.035177,-5.686,76.944,1.0824,1.9913,-1.9354,1.3737,-2.2726,-3.0999,3.0087,-1.0069,0.33821,-2.26,6.9328,-2.6686,1.9446,4.0865,-1.8795,-1.787,-1.295,-3.6778,3.8466,-3.9138,-1.8222,-3.3225,-0.6732,2.2192,-6.1932,-8.0807,4.5832,-8.2797,-0.57116,1.2526,2.2466,0.37445,4.6237,4.8949,-5.493,6.4042,-3.8249,3.8256,0.2391,-2.2192,3.9827,-1.1005,3.1729,-17.388,-3.1812,3.1632,-2.4818,4.6492,-0.093544,12.348,8.0347,9.2422,-7.8128
-4.2525,-3.9581,-3.806,3.4963,-1.2466,6.7702,4.4339,1.1457,-1.663,0.35246,4.8782,3.0439,3.0562,-3.6372,1.9616,-5.5447,4.8368,2.1274,4.9856,-10.509,0.95416,1.3744,7.3273,-2.6751,-0.010885,-6.4989,2.5885,-4.5322,-1.0539,-5.803,3.9096,-5.3555,-0.99724,1.9324,3.3307,-1.3596,5.2289,4.8314,0.75738,-1.5826,-3.5437,6.8307,7.9666,2.4513,4.509,12.764,1.0824,87.144,7.2508,-8.38,3.3293,5.8994,0.85461,-1.5184,-3.1268,2.9234,-3.6048,-0.91818,6.4346,-11.149,2.9033,-0.17588,1.2706,-1.7784,-3.7953,6.8747,-7.1874,-5.291,-3.5261,-6.7106,3.8438,0.03555,7.6382,-2.4984,4.9273,-9.2517,-2.7241,2.5263,-5.5266,-5.8457,0.62433,0.61761,2.4233,-1.4148,3.4981,3.6333,9.1889,-8.9852,-0.83078,4.3448,2.9526,8.0867,3.0123,3.3794,11.586,0.17391,-12.707,5.0314,3.7599,4.4809
-4.6052,3.6757,-1.2239,0.80691,-2.3506,4.6568,3.0123,7.7735,-0.3682,5.2188,4.5215,2.8556,10.633,-2.1599,0.34179,10.588,-3.6137,6.2129,0.1186,10.253,4.26,15.195,-10.036,6.5855,5.409,4.6755,2.1342,5.2024,-6.8335,-3.882,2.9732,4.9472,-16.07,-7.4779,-2.587,-5.1135,-6.8573,0.034863,-0.2549,-0.77383,-9.2769,-0.078134,-1.7009,-15.264,-4.5303,3.0583,1.9913,7.2508,79.024,8.1324,-4.8025,1.7726,0.34895,-5.5388,3.3255,-2.2164,2.2945,2.1097,2.9491,-4.9008,9.8975,6.6797,8.9518,-4.1107,0.28632,5.5755,3.2371,-1.5302,-0.79389,0.41681,-0.68247,-0.28386,9.232,2.8393,-3.0418,-3.9054,4.2375,-5.9627,4.3923,6.984,-2.2819,-1.8169,2.4678,7.9304,-3.2309,4.7429,0.98623,-1.1366,-4.9509,-11.421,-6.1668,-9.3338,7.8807,2.0399,-7.2239,2.3651,-8.2825,-1.1318,-0.077416,3.2539
7.8365,-3.0177,4.4268,-3.0234,3.5666,5.4992,5.1794,4.3597,0.74235,6.5203,8.6651,2.0299,7.4053,5.6123,2.2127,4.7364,2.2269,-8.5141,11.618,6.4067,4.0396,-6.943,3.2466,-2.299,5.536,7.3832,9.0545,-3.3378,4.5527,-2.6695,-6.4982,2.3055,2.2404,1.5121,-10.218,6.8349,3.7745,4.7303,8.0521,-2.8216,-0.046974,10.28,-6.5755,-7.7071,3.9621,1.4478,-1.9354,-8.38,8.1324,95.642,1.2485,-1.9382,0.81222,6.9716,4.3881,-4.699,2.6222,-3.4773,-2.2634,13.955,5.1017,7.2061,-5.1276,6.0669,-4.6084,3.4253,-2.1676,-9.4951,-1.5921,-2.201,1.0027,-4.2475,3.3596,2.1893,8.7586,-3.9043,-2.7899,-14.51,7.8244,0.74639,4.3768,-3.4756,-3.9048,-1.4033,-1.901,-8.2511,-0.69696,-0.3953,-1.4823,6.191,1.8111,-6.1556,-2.8953,0.36092,-10.289,7.8708,-5.8539,2.3999,-2.1816,5.9277
-4.2688,-9.5706,5.6202,-4.452,6.1266,-3.6364,5.9614,-2.6628,-2.8059,0.94226,1.3439,0.93584,0.44643,-9.1197,8.4651,-4.082,1.6576,-8.5542,-1.2129,-2.2664,4.0815,1.3767,-3.64,4.9703,-0.16587,-4.2054,6.7289,-5.9086,0.10417,-0.5336,1.2398,13.597,6.6528,-2.033,6.0855,-0.76299,3.3682,-5.2346,5.8562,-7.7659,-3.1481,1.1355,3.2353,1.4097,1.7904,3.8907,1.3737,3.3293,-4.8025,1.2485,82.732,10.826,-0.67537,-11.142,-12.237,3.0828,0.29644,3.2218,10.187,3.8549,-3.306,-1.4667,-0.4726,-1.0905,-6.9185,-2.2306,-2.7939,9.5928,-6.1314,5.5078,5.0569,4.6655,-6.7332,4.6792,-7.3535,7.8723,-0.68705,0.90445,8.0711,6.3983,-0.44547,-3.3482,1.198,2.52,2.7547,0.62431,-7.6044,4.8477,-10.624,-4.9538,-1.8256,7.5611,1.3055,8.0996,-10.419,-3.3319,0.81832,3.4928,-11.834,-6.4601
6.803,-7.3819,0.49556,3.1123,-5.4777,0.019485,-1.9086,3.0162,-5.4171,-2.816,6.0398,3.4566,0.92156,1.1635,-4.4016,3.6182,-6.7074,6.536,1.2378,5.2505,-0.44066,4.4546,-5.3628,2.8142,-6.4534,-4.455,14.736,1.4881,8.1172,-2.7549,1.2658,2.2828,0.88676,-5.8775,-10.763,-4.7934,0.10835,2.0212,1.9737,2.3427,-9.0091,-6.0209,-1.0653,9.3116,8.2226,-4.3204,-2.2726,5.8994,1.7726,-1.9382,10.826,86.526,4.6403,-8.9621,-0.71983,0.85532,1.1445,1.8117,-0.052083,-0.18378,1.1227,1.9933,-2.046,-5.6154,14.162,0.15516,-4.5172,-7.9054,-7.6907,-2.6764,1.8784,10.116,-9.6604,0.98407,3.3216,5.8009,-10.5,2.485,3.9133,-2.589,3.0263,1.0506,7.8382,3.8021,-0.28837,-1.1553,5.3315,5.7544,-1.606,-14.72,-4.5208,7.0794,8.5138,-5.4875,2.6431,-2.486,-6.611,-8.8522,-7.4109,-8.8769
0.99564,6.948,-5.8406,-3.6924,-3.2005,3.9174,0.22275,1.0647,2.0856,15.168,-3.2385,6.6742,-7.7541,2.5778,-2.0432,2.949,-13.422,1.0704,-4.4306,7.6379,2.396,-3.0548,-7.124,-5.4911,4.4218,0.40858,4.9497,-5.5542,6.218,2.1306,7.5204,3.5621,-11.704,-0.17287,2.8832,-1.3438,-3.8455,2.5441,3.9283,-1.9447,-3.531,-2.0326,-1.7795,-1.8343,3.6547,3.3154,-3.0999,0.85461,0.34895,0.81222,-0.67537,4.6403,89.042,2.6181,-3.8846,-1.3896,-1.0112,-0.27148,3.2268,4.3632,-6.3624,-4.4138,-7.8982,-10.503,11.351,0.59198,-4.0749,-8.9212,3.4977,2.1583,0.31096,-3.9807,7.4502,2.0713,7.925,6.4117,-0.7232,4.7613,1.9165,-0.26945,1.9848,4.298,-2.6685,0.86105,2.9146,-3.8047,-0.5094,-7.9667,8.4028,-3.9065,3.9494,-5.9395,5.0914,-3.7603,1.2297,1.4348,-4.4486,1.8785,-0.44171,-2.7703
-5.3059,2.3123,-5.8916,7.4972,0.67651,8.1994,-2.023,2.3477,-2.063,-6.8174,-5.0212,-2.5534,-3.8527,0.97379,-2.6234,1.6698,-4.0513,3.2596,-0.44772,3.7848,-1.4093,-2.076,-11.712,-5.8876,-6.7641,2.1095,10.445,14.034,-1.1126,3.7883,-0.54313,4.1092,1.0354,3.2445,-2.1923,-5.4277,-7.8305,12.013,0.58992,-6.9987,7.1155,-7.7656,1.1059,1.0715,-1.1586,-4.047,3.0087,-1.5184,-5.5388,6.9716,-11.142,-8.9621,2.6181,79.6,-4.0145,2.5744,2.4264,3.5013,2.0503,3.9762,-5.8257,0.92732,2.6394,2.3545,7.6937,2.2314,1.6057,-2.8997,-0.79714,-1.3243,-5.135,2.966,-4.2574,-1.2129,1.4956,0.73226,9.6448,17.96,9.3581,2.6391,2.6925,-6.3109,2.4272,3.2061,11.567,-1.0103,-7.0459,-5.5875,5.8396,5.1177,-5.3766,-2.6144,0.014763,4.584,-9.8661,-0.67647,5.0456,1.5026,12.143,-0.20821
9.4264,12.073,-1.2685,-1.3475,0.60708,5.1703,2.1154,9.0767,6.4707,2.0911,3.5585,1.3138,1.2645,-4.2385,4.1769,12.185,-0.24969,6.724,-3.3221,-0.13693,8.0023,-4.6835,1.5995,0.76742,6.1814,-4.494,3.9662,2.3867,-8.8804,-0.47544,0.064759,4.5133,3.6903,4.2679,0.37563,10.908,-0.41302,-7.6144,-1.6957,1.0617,-0.088265,-5.6584,2.8266,-1.0752,9.1841,-8.4628,-1.0069,-3.1268,3.3255,4.3881,-12.237,-0.71983,-3.8846,-4.0145,80.489,-2.5709,6.9283,3.455,-3.5653,1.4419,0.31258,-3.897,10.836,4.4865,-5.1412,-0.77966,8.5961,1.3922,-2.8688,-0.29168,-4.9869,1.4327,-7.9411,1.6335,1.5431,-5.19,-1.2426,-8.1858,1.095,-1.5271,10.739,0.31766,4.5759,2.2887,6.3391,6.3526,3.8592,4.5342,4.9853,6.534,-0.48928,-3.8234,-3.7302,0.94219,5.4495,5.7596,-0.70231,-0.088418,5.5088,-1.4641
1.0441,4.3602,-4.7551,-1.0191,2.012,-3.8176,-0.55943,-12.292,-4.2977,10.661,4.246,9.0652,8.2199,-1.9356,-7.6864,-1.181,-0.71862,10.418,-6.4013,-7.8269,3.2233,-2.274,1.3721,1.9064,3.6022,4.6607,4.4874,-0.16539,3.7414,-3.9282,3.9324,-0.89013,0.029129,-2.3348,-0.30967,-2.8645,8.5606,-0.021652,6.7205,-0.96882,2.3599,4.5697,-7.5921,1.9793,-2.6369,9.207,0.33821,2.9234,-2.2164,-4.699,3.0828,0.85532,-1.3896,2.5744,-2.5709,93.915,-7.4449,5.5961,0.087801,2.531,-0.22916,-3.0704,1.7338,-1.839,2.4068,0.35022,-3.0949,5.4743,-2.0869,10.756,-3.7146,9.4388,-0.45527,-1.9136,-5.965,1.1951,7.7816,5.3205,-7.0301,-9.277,0.67008,-4.2511,0.93026,0.14478,4.1212,-0.64311,3.4757,7.6245,1.507,-5.2014,7.1412,5.5208,-3.2498,-7.7221,0.40727,7.3143,1.7355,2.2111,-4.1838,-3.0859
0.035026,5.1918,-6.0964,-0.95795,-4.917,-2.2843,1.0853,-5.2895,14.32,-4.9791,-0.56235,7.6322,2.2983,5.1518,3.6749,2.3773,-3.2317,-3.2497,3.6614,-3.1164,2.761,13.321,7.855,14.813,8.4267,-3.3224,7.0565,-1.3749,2.3683,7.049,7.604,1.8736,6.1883,3.7383,1.5537,-7.6165,-1.1966,-3.9017,4.4496,-5.6086,-5.7226,-4.5383,6.6309,-5.8247,-5.7452,-0.10826,-2.26,-3.6048,2.2945,2.6222,0.29644,1.1445,-1.0112,2.4264,6.9283,-7.4449,91.982,-9.89,2.1998,-0.29338,-3.4063,6.7097,-1.8886,3.3337,1.4195,-5.8835,4.9562,9.2985,0.014108,-6.5131,4.8344,-4.0167,-2.9525,6.1646,-2.1079,5.775,-17,2.9683,9.6715,-10.624,-2.7879,2.5225,2.4368,-8.6694,-2.1126,-7.3762,-5.3126,-0.019741,2.1902,1.9643,-6.7715,-2.9108,3.4505,4.9908,-0.81384,-6.9249,2.9763,-0.78976,-6.4022,1.5226
2.1901,1.9268,-4.6425,2.2203,7.1276,-3.9402,10.813,0.013471,2.4981,-7.3018,0.38913,10.272,0.52326,-0.10004,0.83541,0.87892,7.7599,-0.87419,-3.1571,-5.2678,-9.6549,-8.6147,-3.9444,-3.7289,-0.078739,4.0329,-0.22983,1.4186,0.37474,0.97277,6.8408,-9.0169,-1.2214,9.888,1.2166,-5.0115,3.6535,0.73222,0.30586,-1.379,-4.5661,-8.47,1.0592,11.117,-15.259,7.4566,6.9328,-0.91818,2.1097,-3.4773,3.2218,1.8117,-0.27148,3.5013,3.455,5.5961,-9.89,86.97,-10.112,-4.0588,-2.2015,0.61868,1.7879,-0.058179,-3.1138,3.83,-7.6078,0.77167,13.303,3.9313,-0.87816,7.3314,-5.205,-5.8145,3.4124,0.44894,3.9768,-0.93186,4.0248,16.915,-4.0737,6.5561,-0.75713,3.0554,-1.3642,5.6015,2.4428,7.5568,-3.3356,-9.3473,-0.68361,-6.8209,-1.7994,1.6396,5.9756,2.7048,8.5933,6.1778,2.6382,7.3562
3.2343,-0.99108,1.5462,0.3208,-0.032238,4.3046,-5.4064,-2.1231,2.7638,-2.5487,7.3304,3.9592,-0.56131,3.7793,-1.6471,-0.14134,4.3332,3.4546,-2.5022,-1.6849,-1.353,6.6456,-5.2476,-5.6564,-14.421,-0.84368,-9.4911,0.92484,2.8298,-1.724,-0.088108,-4.5209,6.7553,-4.9319,-6.7385,5.1051,-4.6494,1.8343,2.4056,-9.0662,0.63603,-6.9705,-2.1348,6.9808,-8.6984,5.2052,-2.6686,6.4346,2.9491,-2.2634,10.187,-0.052083,3.2268,2.0503,-3.5653,0.087801,2.1998,-10.112,91.991,3.1803,-7.6278,1.7258,-4.0103,4.0948,-9.5355,-5.2239,5.5683,0.87401,-0.24895,6.4766,0.50804,-8.4751,-6.2741,-5.2859,-3.0291,6.6871,2.2565,2.2886,6.1737,-6.4564,-0.88392,-0.6223,-12.576,1.7779,-2.7657,-0.67252,-5.7575,0.50161,0.12671,8.9485,-4.3321,-4.3177,-1.7493,6.6079,5.1929,1.5764,9.9231,7.4529,-8.1869,10.329
0.13211,-2.1354,-1.6009,9.671,0.89411,0.96607,4.603,7.6615,-5.9429,2.1926,0.062126,3.5429,-1.696,0.8608,-0.032126,5.4045,-2.403,2.0596,-0.48375,-3.4147,1.441,-1.2552,-1.9098,0.13266,-1.7155,-9.4277,-5.1388,3.6817,2.7125,1.6261,0.44161,-0.024778,6.3402,1.5176,4.4963,0.48742,-2.8492,0.18493,-3.7617,1.5294,1.8802,3.0622,-3.559,-4.1404,-2.8085,-6.2513,1.9446,-11.149,-4.9008,13.955,3.8549,-0.18378,4.3632,3.9762,1.4419,2.531,-0.29338,-4.0588,3.1803,92.208,-1.5514,4.9389,-1.889,-1.9998,-1.2786,-1.5068,-5.836,-0.84862,-2.3235,-3.383,4.0466,2.4381,2.9284,-1.5846,1.8756,-5.6206,7.3755,2.9619,7.8786,-3.6981,3.1678,7.6035,-1.1528,3.3637,-7.3443,2.1444,-9.2504,-2.8494,9.5582,3.2337,0.044318,-4.3277,4.0714,-0.95428,2.9603,4.3413,1.474,-5.9323,6.4383,-4.361
-0.87439,-10.047,-9.8034,-1.9609,9.7543,-2.3458,5.6892,-1.2128,-3.3168,-3.982,5.8424,-1.6252,-4.7359,-3.3267,6.4565,-3.6337,1.74,-6.102,-2.9094,-5.2074,1.1608,-3.2438,2.5057,-4.7649,1.3599,2.8772,-3.827,6.6481,1.7603,1.3855,0.067179,-2.1068,7.2167,1.4496,-3.2637,0.010477,2.4886,-5.3071,-4.6398,2.2598,6.8935,-3.6418,-3.0331,1.3071,8.3316,-9.3396,4.0865,2.9033,9.8975,5.1017,-3.306,1.1227,-6.3624,-5.8257,0.31258,-0.22916,-3.4063,-2.2015,-7.6278,-1.5514,86.766,2.9562,4.7239,-2.7746,-0.66965,-1.4698,2.7448,-10.328,3.8747,4.175,1.2409,-12.746,-0.71159,2.3252,-0.59195,-3.581,-13.766,-1.2499,-0.026942,1.6195,0.60955,0.23525,2.0948,-7.909,-4.7918,8.4421,1.5048,0.09927,-3.5594,3.5209,-2.0074,7.4426,-3.5886,-1.0508,-2.2429,3.6209,-7.2355,1.6049,8.0032,6.6826
-0.70473,-4.0972,-11.762,-0.73798,2.5852,-9.8651,0.90435,2.2908,-3.6669,4.4633,4.53,3.4923,-6.1203,0.27598,-1.1382,-1.1433,-0.73208,-7.9042,0.759,7.3671,-10.807,-2.2032,-3.5553,-1.548,-0.75368,4.7725,4.1557,6.5644,-5.6278,5.6627,8.5429,7.9668,5.9602,3.7085,-1.4231,3.3717,-7.5011,-5.8583,3.9507,-4.7361,-1.3998,-0.18124,-4.5379,-5.7259,-6.4933,-2.8527,-1.8795,-0.17588,6.6797,7.2061,-1.4667,1.9933,-4.4138,0.92732,-3.897,-3.0704,6.7097,0.61868,1.7258,4.9389,2.9562,98.017,1.2205,3.9657,2.1365,2.4949,2.0381,-2.5852,0.18819,-2.2136,8.8952,-3.8746,-0.91526,-2.6364,9.1993,-0.61492,-3.7141,2.0328,2.1022,-0.32607,2.0917,-0.22754,-2.9201,-2.8081,-4.9256,1.7934,-4.4754,-6.8635,-15.549,-3.0615,2.5682,-1.3684,10.07,-0.29493,-4.0188,-2.9198,-2.6414,1.9812,3.2931,0.50587
9.0438,6.5196,-4.9795,-2.1307,-5.0164,5.249,-1.127,1.0568,1.1878,-7.6632,0.055214,-0.0054837,3.7511,8.6399,1.9397,7.3047,-7.3302,-3.5421,6.0133,-6.0747,-3.8963,-4.6804,-9.6439,2.086,3.1338,-1.2044,2.8951,0.81139,-2.9677,1.6661,-2.2041,3.0843,-2.0005,-6.2165,-2.4283,-1.2334,-1.3797,0.42787,-6.1909,4.4361,8.9057,-0.39733,13.463,-1.0806,-10.495,-0.32938,-1.787,1.2706,8.9518,-5.1276,-0.4726,-2.046,-7.8982,2.6394,10.836,1.7338,-1.8886,1.7879,-4.0103,-1.889,4.7239,1.2205,80.615,1.4284,-5.097,5.3084,2.4284,3.2772,-1.1015,-12.36,0.68016,-7.086,4.6189,5.5424,5.3656,2.8461,7.809,-1.7316,-8.0789,0.87595,5.6313,-4.4056,-1.3794,6.5153,-0.52871,-0.43089,4.4008,1.8762,0.58978,-1.076,7.2051,-1.087,-4.4735,-3.9107,-4.9762,7.8562,-2.4062,6.699,-9.0592,-4.1073
11.321,-4.5403,7.2395,10.811,-1.9544,-7.1861,1.8123,11.433,-7.1556,-2.9992,1.0485,0.72697,1.207,7.0521,-2.6907,0.45712,-0.92244,0.45573,1.7815,0.31707,-2.2746,3.5697,-2.9783,-3.9728,-2.1315,7.3867,6.8669,-1.3018,1.8355,-3.4598,-3.7792,4.0278,-0.83782,-4.4764,3.2271,1.5402,7.2674,5.4387,-5.9075,-8.7906,-1.5961,0.18719,0.090905,-8.1832,-5.6774,2.5965,-1.295,-1.7784,-4.1107,6.0669,-1.0905,-5.6154,-10.503,2.3545,4.4865,-1.839,3.3337,-0.058179,4.0948,-1.9998,-2.7746,3.9657,1.4284,81.314,0.43215,-5.1923,-1.3576,3.4867,0.13067,0.35854,1.4541,2.3759,3.3334,0.62489,-6.3408,-6.9735,6.1777,-1.9504,-3.1939,-1.9176,-8.1429,7.4146,-7.8399,4.0374,-1.7986,-0.77442,9.7723,-5.7837,-5.0292,2.9888,-2.6667,0.37264,-4.2533,6.7178,0.63243,0.13564,2.8318,-10.298,-6.466,4.8601
-10.827,1.0952,3.4221,2.4396,0.065958,0.6146,2.6769,-0.20023,-10.07,1.0297,8.2351,-6.1957,3.1098,-3.1724,0.75789,0.64264,6.221,0.13179,0.43836,2.2796,4.5036,10.251,6.6649,4.2692,-2.7617,-7.0322,7.8849,-6.0314,6.239,3.9464,0.65422,-6.4757,-3.1976,-3.6483,-1.8324,-6.2818,0.11152,8.7397,4.0725,3.746,-0.34565,-2.235,2.2691,-2.0769,-8.8869,-4.0992,-3.6778,-3.7953,0.28632,-4.6084,-6.9185,14.162,11.351,7.6937,-5.1412,2.4068,1.4195,-3.1138,-9.5355,-1.2786,-0.66965,2.1365,-5.097,0.43215,88.754,9.2041,-5.3852,-2.0954,-3.8918,-3.7315,-6.0179,-10.518,4.2514,2.2026,1.7532,10.715,0.70304,0.82459,-3.2541,4.2682,5.3512,0.58455,-1.5973,-1.603,2.6904,5.2294,9.4713,1.976,5.0257,-0.019033,-3.4959,-2.2579,-1.919,-5.7071,-0.70077,3.0115,-9.5068,2.5061,10.148,-4.8534
0.9297,2.8858,-6.7388,3.1348,-0.68208,-2.6349,-5.7151,0.71972,-2.7085,-7.5943,-3.304,-2.4857,-0.8644,9.2746,-5.622,7.691,-2.7854,-0.2175,-2.2798,7.933,0.50539,-1.3984,11.442,4.4638,-6.8035,-2.1326,1.958,4.8667,-5.3573,-6.9772,5.5028,-0.077023,0.6325,-3.8094,-0.69499,-3.2734,2.5035,-1.5496,9.4054,4.8658,-6.9606,-2.2155,7.9643,3.1918,5.5939,-3.7183,3.8466,6.8747,5.5755,3.4253,-2.2306,0.15516,0.59198,2.2314,-0.77966,0.35022,-5.8835,3.83,-5.2239,-1.5068,-1.4698,2.4949,5.3084,-5.1923,9.2041,83.053,2.147,3.1679,4.4193,1.1198,4.1179,3.2029,-5.1809,3.2862,10.358,-7.2766,-1.1317,-9.5687,0.39859,9.4984,11.018,-3.5283,2.8415,-1.6783,-8.2206,6.1442,-6.3384,1.5693,-0.46155,7.5333,-2.8078,-12.223,4.8661,-2.1388,0.17391,-4.5002,-9.5815,-0.64284,-1.2951,1.9016
6.7099,-2.5432,-1.4795,-8.0366,-7.6668,-1.0786,-1.2444,5.279,-6.5144,-4.0284,-3.6756,11.459,3.5857,-3.9054,0.19516,1.9093,-0.37956,-0.80521,-6.9736,8.5944,-1.9865,7.6836,6.2088,1.8036,0.47677,-9.8701,-0.28384,0.32358,-6.3735,-0.091034,-9.9779,-2.8595,5.4539,3.4966,3.2409,0.041985,2.0948,7.7615,2.8505,-4.5479,-3.3591,3.8829,-15.69,-0.80681,8.1814,-6.3751,-3.9138,-7.1874,3.2371,-2.1676,-2.7939,-4.5172,-4.0749,1.6057,8.5961,-3.0949,4.9562,-7.6078,5.5683,-5.836,2.7448,2.0381,2.4284,-1.3576,-5.3852,2.147,86.151,-1.7771,-6.5646,-1.8786,-5.5055,-1.3574,-2.4669,0.10394,-1.4079,5.6103,-5.293,10.619,-6.4072,-1.5237,-2.7545,0.94294,-2.9215,10.777,-4.1252,3.6806,1.4527,-5.5372,6.9969,10.482,2.3832,-6.0544,3.8938,7.6795,-2.9321,-8.9841,5.3872,2.8211,0.94851,2.0543
-4.9445,-0.38333,-7.0608,8.1394,2.9669,-4.6816,5.2787,1.5455,-0.25526,-2.7153,2.8234,-6.9806,-0.75353,0.98934,-3.801,2.9585,1.0778,-5.2234,-0.27087,-1.2653,-0.72802,5.8921,-3.2772,-3.0108,-3.2917,-5.6875,4.1563,6.0117,-4.2944,-9.1165,1.9773,-1.0543,-0.044702,6.1008,3.66,7.398,2.1116,4.9256,-4.013,-2.6515,2.5049,-0.55985,4.0166,-12.394,0.2107,-3.3409,-1.8222,-5.291,-1.5302,-9.4951,9.5928,-7.9054,-8.9212,-2.8997,1.3922,5.4743,9.2985,0.77167,0.87401,-0.84862,-10.328,-2.5852,3.2772,3.4867,-2.0954,3.1679,-1.7771,91.36,-3.4997,5.1542,4.7127,1.8204,7.3682,6.2341,2.944,1.8484,4.293,2.5797,3.7114,3.1902,-6.7327,5.3686,0.98907,11.949,-2.8606,-6.5559,1.8831,1.8323,6.8169,-7.6254,0.5144,6.1733,2.7621,10.21,-1.9984,1.5265,11.305,-6.7548,-8.9569,-2.3895
-4.7679,9.3331,0.88417,7.3796,6.528,-0.95559,15.478,7.2288,-13.05,2.1313,-3.1583,6.9103,-1.63,11.717,-6.2516,-0.018936,5.5899,-1.1459,-2.5261,1.332,-8.9618,-10.848,3.4757,5.3376,8.8334,2.6235,-1.6215,4.8071,-8.9373,1.4757,0.051714,-0.74693,-5.359,4.9164,-6.1803,-7.346,5.0108,-1.4494,5.7874,3.5127,2.5432,-7.4291,-0.34046,1.0113,-7.2972,0.04264,-3.3225,-3.5261,-0.79389,-1.5921,-6.1314,-7.6907,3.4977,-0.79714,-2.8688,-2.0869,0.014108,13.303,-0.24895,-2.3235,3.8747,0.18819,-1.1015,0.13067,-3.8918,4.4193,-6.5646,-3.4997,106.28,10.687,5.1619,-5.8338,11.876,4.6788,-3.8418,-0.50968,0.057577,2.9247,3.8247,3.7841,-1.2409,-3.1253,3.0403,-2.2709,5.5433,6.0315,-0.2653,1.5151,-11.5,0.74665,2.8221,3.6114,-3.3948,4.4295,3.561,1.2269,-7.8567,-2.2918,-3.688,4.4712
-13.465,-2.7663,-0.93534,-2.1259,6.9367,-8.4271,0.38737,-3.0881,11.665,-5.1603,6.2451,-4.0168,16.457,0.24387,1.0596,-5.9733,-0.36731,-2.141,0.020974,3.778,2.3592,3.2723,8.8402,7.3355,-4.9375,-7.4584,0.22119,0.86045,1.5025,-5.4257,-4.7895,-13.606,-8.5218,15.51,8.9445,-5.6968,-6.2839,5.3839,3.2985,10.451,1.4143,2.8837,-6.3265,3.2417,8.904,-0.40525,-0.6732,-6.7106,0.41681,-2.201,5.5078,-2.6764,2.1583,-1.3243,-0.29168,10.756,-6.5131,3.9313,6.4766,-3.383,4.175,-2.2136,-12.36,0.35854,-3.7315,1.1198,-1.8786,5.1542,10.687,93.841,-0.88811,3.3574,-2.64,0.50226,-3.2359,3.1094,7.9299,-2.0015,5.4877,-11.668,-6.02,-8.8275,1.1108,3.9318,4.911,3.4614,-9.0322,2.5516,-4.5409,-2.7051,2.5647,10.302,-5.9447,-6.7596,-1.8285,-0.21251,0.87364,-8.2718,-1.1101,2.4866
2.8247,-3.734,-11.938,3.5799,0.76315,-1.0368,-3.8752,-0.38307,-7.7035,6.578,-4.1322,-1.6476,7.6863,10.178,-8.7613,-0.867,-4.3401,-10.673,-0.027869,-1.8311,-1.7627,-5.6403,1.4394,2.0476,-5.9356,2.8359,5.0272,-4.4095,-7.6006,0.033144,0.51481,1.7178,1.9986,2.4288,5.3633,-5.1301,-5.0257,-2.0417,3.5758,-0.91576,2.9612,6.8809,8.0683,-12.788,-0.80623,3.7287,2.2192,3.8438,-0.68247,1.0027,5.0569,1.8784,0.31096,-5.135,-4.9869,-3.7146,4.8344,-0.87816,0.50804,4.0466,1.2409,8.8952,0.68016,1.4541,-6.0179,4.1179,-5.5055,4.7127,5.1619,-0.88811,94.177,0.97693,1.6891,-0.82306,-11.091,11.815,-0.15582,-5.3009,3.9886,9.2452,5.9373,-5.9238,4.2434,-1.0023,1.7812,-4.5422,-6.9042,6.0786,-7.5114,-5.1184,-19.851,-10.099,-10.694,-3.3792,3.2692,-4.3579,6.2453,6.4049,2.1244,-5.9667
-4.5814,-0.33585,6.1132,14.656,-1.6301,1.1891,-0.66511,-4.5249,6.9668,3.1241,3.4093,-9.4521,-2.5717,-1.6699,-6.6304,0.040852,0.02789,4.9098,-5.7614,-0.79591,-1.9751,-4.0627,-0.92816,-0.14283,-9.8618,5.7481,5.16,1.8308,8.5393,9.7718,-4.675,4.6219,0.20834,9.9126,-3.2427,0.12012,7.0494,-1.7939,3.3273,-12.467,4.965,2.7786,-4.9533,10.037,-2.2809,3.5991,-6.1932,0.03555,-0.28386,-4.2475,4.6655,10.116,-3.9807,2.966,1.4327,9.4388,-4.0167,7.3314,-8.4751,2.4381,-12.746,-3.8746,-7.086,2.3759,-10.518,3.2029,-1.3574,1.8204,-5.8338,3.3574,0.97693,87.434,2.305,4.3824,-1.7907,-2.8503,-7.7941,2.7134,1.3504,-0.86346,0.36085,-6.1674,4.7303,-10.428,1.7539,-6.4763,6.7859,4.528,-2.8095,-13.183,-5.3487,-0.31274,2.4326,-0.18326,-1.2948,13.182,-0.77106,5.4762,3.0548,-2.9987
-8.634,-3.7807,7.405,8.1641,6.9976,4.854,-5.3779,-0.6455,-0.37933,-5.5426,14.061,-0.32747,2.803,0.068435,-12.228,-6.1824,5.1779,-0.39685,13.414,4.212,-0.079874,-1.0685,-5.2772,1.9727,5.6997,-3.7816,-8.2412,1.9353,-9.5532,4.146,6.4285,12.618,2.3752,-1.5846,2.9693,3.9373,-2.5938,-0.77927,10.906,-0.98615,-5.1498,-6.5993,0.82651,-8.3927,-0.0010845,8.1579,-8.0807,7.6382,9.232,3.3596,-6.7332,-9.6604,7.4502,-4.2574,-7.9411,-0.45527,-2.9525,-5.205,-6.2741,2.9284,-0.71159,-0.91526,4.6189,3.3334,4.2514,-5.1809,-2.4669,7.3682,11.876,-2.64,1.6891,2.305,87.791,0.14924,-3.0224,-5.386,7.4213,-6.1238,0.59916,-0.89052,1.608,4.3777,1.0101,8.5746,8.9386,-3.9767,-0.61528,-5.9828,-3.4245,1.9255,-2.5625,-3.7186,-5.4818,-3.0242,0.59703,-4.093,-1.9753,-2.6688,-4.9633,5.0905
2.5491,8.1664,3.9098,11.273,2.437,9.4554,3.4308,-7.712,-6.8292,-14.244,-2.5477,-7.5218,-3.0939,-4.673,6.8887,-5.5828,-5.6758,-0.45765,2.9118,-0.14679,4.7589,-4.807,-4.3269,14.72,0.99214,0.64928,-1.1979,-1.1439,1.8767,4.3261,4.7948,-1.4746,-5.1297,-0.80418,-8.6661,0.059338,9.09,17.739,0.19646,-2.6407,1.2577,0.77606,-2.6422,-5.4977,1.068,-3.9694,4.5832,-2.4984,2.8393,2.1893,4.6792,0.98407,2.0713,-1.2129,1.6335,-1.9136,6.1646,-5.8145,-5.2859,-1.5846,2.3252,-2.6364,5.5424,0.62489,2.2026,3.2862,0.10394,6.2341,4.6788,0.50226,-0.82306,4.3824,0.14924,91.759,-8.8314,2.2487,-2.2646,2.7014,3.7466,3.554,2.7743,-6.054,-3.2242,-1.3712,-6.83,-7.0706,-1.4224,-2.9627,13.917,5.9364,-9.5019,-2.571,6.1304,-7.0535,0.93515,5.5184,1.5226,-6.9901,4.7534,0.21344
8.2769,-6.804,2.0048,-11.654,4.7263,-3.5978,-2.9457,-0.27985,6.5283,-6.3715,-7.4438,3.3966,-8.1628,3.786,0.51618,6.4126,-0.26675,8.0537,6.599,-0.40535,-7.1174,-0.044305,5.5707,-4.0233,6.2026,6.7442,2.4523,2.0035,-1.5809,12.841,-1.8112,2.953,4.4042,-8.6343,-10.206,-1.9065,14.383,-1.5153,1.9948,-1.1022,4.8679,-1.3076,3.7504,12.704,1.1175,-0.81304,-8.2797,4.9273,-3.0418,8.7586,-7.3535,3.3216,7.925,1.4956,1.5431,-5.965,-2.1079,3.4124,-3.0291,1.8756,-0.59195,9.1993,5.3656,-6.3408,1.7532,10.358,-1.4079,2.944,-3.8418,-3.2359,-11.091,-1.7907,-3.0224,-8.8314,92.667,-1.679,-4.8314,-8.0375,3.3096,-1.4316,0.46727,-8.327,5.7185,-5.668,-2.346,-13.093,-3.6354,2.1006,-5.6164,-3.284,-3.9295,-2.0463,9.1948,3.7675,3.1452,-4.3946,-12.393,-1.4842,-2.4922,-3.5626
0.4377,-5.0489,12.475,-7.2247,-5.5042,-6.1025,-4.5624,-2.0592,-2.3142,-4.9055,-2.2574,2.7329,7.3564,-1.9579,1.3727,-2.903,1.2964,7.2917,-7.4792,-1.2715,2.4248,-4.6553,-0.87347,-3.8912,-5.129,-1.3598,-2.8489,-5.0319,4.5666,-1.4544,-1.831,6.2505,-12.724,3.4304,3.7108,-7.1049,9.1442,3.133,-4.3272,-2.9519,3.5515,4.0832,-1.057,3.8873,-9.5006,5.2461,-0.57116,-9.2517,-3.9054,-3.9043,7.8723,5.8009,6.4117,0.73226,-5.19,1.1951,5.775,0.44894,6.6871,-5.6206,-3.581,-0.61492,2.8461,-6.9735,10.715,-7.2766,5.6103,1.8484,-0.50968,3.1094,11.815,-2.8503,-5.386,2.2487,-1.679,88.745,-0.054487,-3.1101,5.9415,7.8237,11.556,-5.2905,1.6538,7.8217,-2.2692,-11.131,4.3377,7.864,4.6385,-7.3022,2.2978,4.0503,-6.3231,-9.3701,2.3242,1.0051,-0.35316,0.77716,4.9594,-0.84349
6.7782,-6.6252,3.1543,4.3689,-3.3306,-0.42337,7.5126,-7.2388,-1.2126,9.9538,-9.7073,-2.7047,4.88,-1.1813,-9.235,3.9072,-0.96196,0.97277,-1.5055,3.0616,1.3429,1.304,-6.058,6.3195,-1.5246,4.0501,-9.3851,-5.7328,5.3405,-6.7311,1.1669,2.0438,6.3347,9.4287,-5.7332,-1.3599,0.9474,4.0949,5.0191,6.4706,-9.0119,5.8138,-4.5793,3.9085,-3.4975,5.4733,1.2526,-2.7241,4.2375,-2.7899,-0.68705,-10.5,-0.7232,9.6448,-1.2426,7.7816,-17,3.9768,2.2565,7.3755,-13.766,-3.7141,7.809,6.1777,0.70304,-1.1317,-5.293,4.293,0.057577,7.9299,-0.15582,-7.7941,7.4213,-2.2646,-4.8314,-0.054487,89.92,7.1012,1.044,-2.167,0.11696,1.4782,-1.2518,-9.3924,-4.9904,0.38776,3.474,3.9293,5.2129,4.0257,-9.9852,5.2193,0.41943,0.66943,-13.358,-10.803,2.1776,-7.1469,-0.86777,2.7269
-1.3591,1.6683,0.057453,-5.0376,3.0069,8.0686,13.319,-0.86594,-9.7172,-3.8807,-0.46655,0.78516,-1.5992,-2.7396,-2.9466,0.12371,-4.4197,-3.0733,-0.037166,-0.39729,-7.6529,2.3624,1.5898,-0.15722,-3.2282,-5.2577,-3.2364,1.5089,0.13346,-0.095651,1.3916,-3.9676,4.3191,-0.24005,3.1925,-1.5908,-2.8133,-5.1282,-0.05089,2.8714,4.8075,-2.6668,-6.5519,-3.2708,0.45233,5.6208,2.2466,2.5263,-5.9627,-14.51,0.90445,2.485,4.7613,17.96,-8.1858,5.3205,2.9683,-0.93186,2.2886,2.9619,-1.2499,2.0328,-1.7316,-1.9504,0.82459,-9.5687,10.619,2.5797,2.9247,-2.0015,-5.3009,2.7134,-6.1238,2.7014,-8.0375,-3.1101,7.1012,87.485,-4.3587,2.2164,-11.324,3.5847,-6.2195,-1.0887,5.694,5.3017,-1.6905,-2.6479,1.8603,4.3113,-1.5365,8.771,4.0935,3.4436,-1.1358,-6.3641,14.684,-7.9293,-8.9402,1.78
-1.3644,-3.1334,-4.3776,-2.9879,8.9925,3.0952,12.778,5.3343,1.9273,7.4862,2.4433,-6.3804,0.80629,-7.5643,4.2456,3.5109,-6.3298,3.9826,5.493,5.542,1.3915,-6.4745,-9.7637,-6.8684,1.23,-4.8491,14.957,-1.8931,3.0349,3.1795,0.30707,2.5935,-3.6162,0.99004,1.7281,-6.7041,-5.104,-5.705,3.3103,3.9953,7.5737,3.2851,-0.92126,-3.527,0.10693,1.1594,0.37445,-5.5266,4.3923,7.8244,8.0711,3.9133,1.9165,9.3581,1.095,-7.0301,9.6715,4.0248,6.1737,7.8786,-0.026942,2.1022,-8.0789,-3.1939,-3.2541,0.39859,-6.4072,3.7114,3.8247,5.4877,3.9886,1.3504,0.59916,3.7466,3.3096,5.9415,1.044,-4.3587,85.593,1.4567,-0.30223,-6.5602,-12.3,5.7043,8.2755,5.1504,-2.6914,2.0769,0.68676,2.4597,-6.1465,2.0155,6.322,-4.6547,4.2276,-7.0031,-6.3686,-2.961,2.3606,5.8794
6.4794,0.13295,2.7751,4.2576,-2.2563,-6.0418,6.8556,2.6602,-0.8813,3.8275,0.75749,6.4951,6.1166,-1.0942,-8.9797,5.6674,-1.6651,-4.0383,3.049,5.2999,-6.4487,5.1651,-6.3246,1.0885,3.3801,6.0236,-7.1948,4.4236,-0.87596,0.5634,-3.8628,-3.6345,-10.275,-3.9413,-15.932,5.2619,-2.3187,2.6842,-2.716,-1.2363,-4.2436,-0.40077,9.2621,-8.6158,2.5461,2.3661,4.6237,-5.8457,6.984,0.74639,6.3983,-2.589,-0.26945,2.6391,-1.5271,-9.277,-10.624,16.915,-6.4564,-3.6981,1.6195,-0.32607,0.87595,-1.9176,4.2682,9.4984,-1.5237,3.1902,3.7841,-11.668,9.2452,-0.86346,-0.89052,3.554,-1.4316,7.8237,-2.167,2.2164,1.4567,80.568,-6.2798,10.689,0.12416,-3.1531,3.0038,1.8387,4.4538,10.199,1.0173,-5.6526,1.4622,8.164,2.2316,7.7598,0.57926,-0.2838,1.7644,-2.8709,1.456,-4.1136
3.7441,1.0616,-3.5738,3.3748,-1.2028,-3.2373,3.3764,7.3229,-0.81345,5.4224,-0.84398,-0.76744,0.18083,-8.0115,-1.9,-1.1272,3.7499,3.5763,-10.26,2.6517,2.2157,-7.9027,-7.2024,1.5192,-13.185,1.0565,1.8985,-4.4999,5.3823,-7.3968,-1.0348,-1.0302,0.30139,-1.1556,-7.4002,-4.5993,6.524,2.7989,-3.756,-4.2327,-7.2146,0.87334,-8.2644,-4.0633,5.9332,-5.5772,4.8949,0.62433,-2.2819,4.3768,-0.44547,3.0263,1.9848,2.6925,10.739,0.67008,-2.7879,-4.0737,-0.88392,3.1678,0.60955,2.0917,5.6313,-8.1429,5.3512,11.018,-2.7545,-6.7327,-1.2409,-6.02,5.9373,0.36085,1.608,2.7743,0.46727,11.556,0.11696,-11.324,-0.30223,-6.2798,87.798,-3.3806,1.4189,-3.589,-11.188,-3.7424,4.4696,-2.8046,-9.6439,-2.8758,-5.2335,0.56773,-6.5134,-3.873,-2.6411,-0.047505,-9.4801,-3.7761,1.7429,-4.0432
6.8186,-4.06,3.5153,-3.3361,3.8298,-0.49169,-8.2473,-1.8281,5.195,-7.9622,-4.6419,0.17074,-5.773,0.67603,-1.3791,7.4753,7.8683,10.065,3.5333,5.2301,3.5894,2.7598,2.6998,0.9868,6.3247,-0.13522,-18.981,-3.8354,13.253,-1.6691,7.6719,-2.2898,-0.46917,-5.6818,11.413,4.3829,-9.9507,3.157,1.584,3.8895,-0.74197,-3.1624,-3.4323,-0.42064,-2.2545,-5.5444,-5.493,0.61761,-1.8169,-3.4756,-3.3482,1.0506,4.298,-6.3109,0.31766,-4.2511,2.5225,6.5561,-0.6223,7.6035,0.23525,-0.22754,-4.4056,7.4146,0.58455,-3.5283,0.94294,5.3686,-3.1253,-8.8275,-5.9238,-6.1674,4.3777,-6.054,-8.327,-5.2905,1.4782,3.5847,-6.5602,10.689,-3.3806,74.267,-0.33158,-8.1376,1.2081,-1.6488,2.0954,-2.1732,3.8248,-0.71902,5.4394,5.4725,-2.2788,8.118,-1.3692,-6.3451,-1.9275,2.2795,-3.6217,-3.8139
0.56798,2.2518,3.2678,-3.37,-4.7442,-0.98641,3.9545,-0.64939,3.2518,-4.0523,-4.1787,7.0589,-7.2426,-4.7899,0.88009,0.028808,9.3564,0.81544,3.6134,9.778,1.6983,5.537,-2.3802,-4.0748,-4.1817,-3.9774,-3.0195,-3.9246,-3.516,-2.7399,1.4726,0.41024,-2.6659,4.9295,-4.122,-11.297,1.5025,-3.889,-2.1308,3.343,-4.1458,5.607,5.8938,2.543,4.5355,4.5907,6.4042,2.4233,2.4678,-3.9048,1.198,7.8382,-2.6685,2.4272,4.5759,0.93026,2.4368,-0.75713,-12.576,-1.1528,2.0948,-2.9201,-1.3794,-7.8399,-1.5973,2.8415,-2.9215,0.98907,3.0403,1.1108,4.2434,4.7303,1.0101,-3.2242,5.7185,1.6538,-1.2518,-6.2195,-12.3,0.12416,1.4189,-0.33158,79.227,5.0112,-6.4551,-4.5518,-0.85395,10.995,-1.3459,-3.7636,-4.2912,-3.05,-0.83169,3.0113,6.1575,-6.9687,-4.6745,-1.9037,-5.0518,9.7201
-7.2896,3.7336,9.8785,-1.8934,-6.4973,-8.6479,3.5729,-2.2838,13.707,1.8065,1.3127,-1.2405,1.5942,1.4263,-2.2189,1.7042,-10.046,-0.15983,9.8138,5.5251,-2.9589,0.70274,-1.9772,2.7959,1.0812,8.2614,-0.3184,6.1161,-4.6777,-3.984,-2.7992,-1.5529,-2.0351,1.1298,2.1387,-3.3836,-9.0946,-0.17317,-13.613,-8.0626,-7.1227,0.67871,0.40242,0.61703,-3.8421,-2.1869,-3.8249,-1.4148,7.9304,-1.4033,2.52,3.8021,0.86105,3.2061,2.2887,0.14478,-8.6694,3.0554,1.7779,3.3637,-7.909,-2.8081,6.5153,4.0374,-1.603,-1.6783,10.777,11.949,-2.2709,3.9318,-1.0023,-10.428,8.5746,-1.3712,-5.668,7.8217,-9.3924,-1.0887,5.7043,-3.1531,-3.589,-8.1376,5.0112,100.46,4.3193,7.7465,-11.51,-0.45872,0.81265,-3.8391,-1.6243,-4.004,-7.7603,1.4904,3.5824,-4.0033,3.3887,5.8706,1.0407,-1.2699
-4.2608,-1.8741,3.0111,6.0689,8.194,5.4904,-6.7778,-0.19376,2.0267,6.0557,-1.9765,-4.3532,6.5606,0.42314,-8.4077,-5.1198,3.8084,0.3814,1.7143,-8.5899,-8.4245,-8.0907,-3.1678,-1.5689,-7.2019,-2.4318,-2.2536,-2.9672,-3.6113,2.758,3.8944,-2.6266,3.189,-2.7015,3.835,-5.5684,0.41847,-0.25327,-3.1106,2.379,3.129,-10.483,-4.6026,-2.266,0.73777,6.3418,3.8256,3.4981,-3.2309,-1.901,2.7547,-0.28837,2.9146,11.567,6.3391,4.1212,-2.1126,-1.3642,-2.7657,-7.3443,-4.7918,-4.9256,-0.52871,-1.7986,2.6904,-8.2206,-4.1252,-2.8606,5.5433,4.911,1.7812,1.7539,8.9386,-6.83,-2.346,-2.2692,-4.9904,5.694,8.2755,3.0038,-11.188,1.2081,-6.4551,4.3193,89.934,6.4328,0.17812,1.6662,0.595,-7.0612,6.7386,-3.502,5.102,1.3461,-1.7905,-1.4682,0.96493,3.448,4.4337,-1.6244
-1.5934,-8.4374,-2.4474,0.077551,-1.0706,-9.5196,0.045206,8.8331,-11.71,5.6435,1.812,1.0784,4.4621,-2.9124,5.2349,-6.0765,0.47266,-6.3514,6.7485,-4.3843,3.3652,-8.5113,-0.42382,3.3703,4.7779,-4.9708,4.947,-0.97879,-11.318,1.9907,5.7858,2.0459,-0.43442,10.389,0.039949,11.309,5.8811,-5.8668,-1.9407,-0.71851,-5.2073,-1.0664,3.3501,-0.93288,6.1734,12.457,0.2391,3.6333,4.7429,-8.2511,0.62431,-1.1553,-3.8047,-1.0103,6.3526,-0.64311,-7.3762,5.6015,-0.67252,2.1444,8.4421,1.7934,-0.43089,-0.77442,5.2294,6.1442,3.6806,-6.5559,6.0315,3.4614,-4.5422,-6.4763,-3.9767,-7.0706,-13.093,-11.131,0.38776,5.3017,5.1504,1.8387,-3.7424,-1.6488,-4.5518,7.7465,6.4328,87.589,-1.5315,4.0819,-2.9699,16.713,-1.6083,-0.76888,-0.4065,3.5132,0.22783,-5.6443,3.33,-1.802,5.6727,6.5493
1.6929,-2.9248,-1.4703,-6.3967,-9.5521,-11.884,-2.2225,-3.7081,0.044478,-2.0745,6.7339,-0.52108,1.3656,0.3249,7.8273,10.007,1.9468,-11.768,4.2974,5.7682,-2.1462,-1.4466,-1.8798,0.058025,-2.9725,0.75708,1.0097,4.1497,5.0257,4.3434,-9.1102,5.528,-9.5012,3.4695,-9.9884,0.17018,2.5637,-15.165,-2.3053,-4.2164,-5.364,0.26654,-4.5781,5.7408,-11.332,7.2636,-2.2192,9.1889,0.98623,-0.69696,-7.6044,5.3315,-0.5094,-7.0459,3.8592,3.4757,-5.3126,2.4428,-5.7575,-9.2504,1.5048,-4.4754,4.4008,9.7723,9.4713,-6.3384,1.4527,1.8831,-0.2653,-9.0322,-6.9042,6.7859,-0.61528,-1.4224,-3.6354,4.3377,3.474,-1.6905,-2.6914,4.4538,4.4696,2.0954,-0.85395,-11.51,0.17812,-1.5315,83.98,10.457,-3.4211,-0.8453,3.1977,3.3328,6.821,-3.9836,0.53198,-2.8936,-7.1759,-2.8754,5.8587,7.9631
-1.2045,0.9767,1.6902,-0.01158,1.1196,-2.9472,-1.7559,-5.8654,-10.227,-4.1133,7.4041,4.5573,-6.6752,3.8944,6.3599,-2.1056,-0.69713,6.4404,3.8355,0.78134,-9.1242,-0.2216,6.3691,-1.1794,0.1188,0.67057,-1.9944,-5.7862,-5.6807,3.0486,-0.57642,-1.1109,4.4824,6.2635,-6.6112,3.9502,1.3905,-2.6089,-2.3094,-5.3972,-2.2233,-0.39541,3.2699,-4.0403,5.1283,-0.2572,3.9827,-8.9852,-1.1366,-0.3953,4.8477,5.7544,-7.9667,-5.5875,4.5342,7.6245,-0.019741,7.5568,0.50161,-2.8494,0.09927,-6.8635,1.8762,-5.7837,1.976,1.5693,-5.5372,1.8323,1.5151,2.5516,6.0786,4.528,-5.9828,-2.9627,2.1006,7.864,3.9293,-2.6479,2.0769,10.199,-2.8046,-2.1732,10.995,-0.45872,1.6662,4.0819,10.457,77.665,3.9776,3.3724,6.5614,-3.1275,-3.1524,4.5978,6.1309,5.3273,6.0179,1.1481,-9.962,-6.4574
-0.50594,-7.982,-4.9608,8.8179,-0.45646,1.7997,-3.0976,4.1253,5.3575,-6.8195,3.5531,-3.0171,2.5829,-3.381,-8.8442,-7.1631,3.1436,-4.8137,5.949,-9.5723,-3.9728,5.4514,-5.7484,8.8947,9.8494,4.2023,-0.077254,-0.94982,4.1704,-2.931,-7.6994,-7.5034,-1.2977,0.70778,15.896,8.2647,1.3848,-5.5051,-4.5812,-1.9821,-1.0106,-0.75513,-0.70298,1.4314,-0.12693,6.0173,-1.1005,-0.83078,-4.9509,-1.4823,-10.624,-1.606,8.4028,5.8396,4.9853,1.507,2.1902,-3.3356,0.12671,9.5582,-3.5594,-15.549,0.58978,-5.0292,5.0257,-0.46155,6.9969,6.8169,-11.5,-4.5409,-7.5114,-2.8095,-3.4245,13.917,-5.6164,4.6385,5.2129,1.8603,0.68676,1.0173,-9.6439,3.8248,-1.3459,0.81265,0.595,-2.9699,-3.4211,3.9776,87.598,7.7409,-4.7456,6.6664,2.3343,-4.8418,6.5656,1.8243,-1.3343,0.40998,-1.7439,2.3164
-1.3485,8.6009,-5.3015,-0.2051,0.72809,5.1655,-6.3761,-6.2446,10.109,-8.0253,1.5227,-1.7675,0.53939,-1.5988,-0.47864,-2.3927,4.951,-6.5213,-1.9399,-0.07829,1.7626,5.6612,9.5353,-0.29183,1.1607,-5.9147,11.857,-3.7675,3.325,-8.6429,-2.6427,-4.7979,-2.1083,4.0564,-2.5712,-2.118,1.1806,-8.2195,-6.9922,-10.833,2.652,-6.6071,-2.2343,-13.222,3.3248,2.4083,3.1729,4.3448,-11.421,6.191,-4.9538,-14.72,-3.9065,5.1177,6.534,-5.2014,1.9643,-9.3473,8.9485,3.2337,3.5209,-3.0615,-1.076,2.9888,-0.019033,7.5333,10.482,-7.6254,0.74665,-2.7051,-5.1184,-13.183,1.9255,5.9364,-3.284,-7.3022,4.0257,4.3113,2.4597,-5.6526,-2.8758,-0.71902,-3.7636,-3.8391,-7.0612,16.713,-0.8453,3.3724,7.7409,81.164,4.0042,-3.6334,6.6054,-1.2838,9.381,2.2865,5.2143,1.5539,3.6212,6.7107
-1.922,-4.0259,-2.5202,1.902,0.0028403,3.2241,-7.4123,-7.6106,1.2451,7.6775,2.2744,1.2447,-8.8559,2.9802,10.732,-8.3639,9.8206,-7.2011,0.20239,-2.9519,-10.436,9.7859,3.8133,4.0756,2.0369,-5.079,-3.4092,-5.1619,9.209,-0.16964,0.16168,-2.7867,0.48377,3.3552,-2.4679,6.2432,-1.5881,-6.1442,-9.7696,-2.6657,-2.3234,0.017958,-1.8207,-10.19,3.5347,-7.284,-17.388,2.9526,-6.1668,1.8111,-1.8256,-4.5208,3.9494,-5.3766,-0.48928,7.1412,-6.7715,-0.68361,-4.3321,0.044318,-2.0074,2.5682,7.2051,-2.6667,-3.4959,-2.8078,2.3832,0.5144,2.8221,2.5647,-19.851,-5.3487,-2.5625,-9.5019,-3.9295,2.2978,-9.9852,-1.5365,-6.1465,1.4622,-5.2335,5.4394,-4.2912,-1.6243,6.7386,-1.6083,3.1977,6.5614,-4.7456,4.0042,87.222,-3.7853,5.5766,7.1298,-3.3939,10.26,-0.43347,-7.708,-1.1499,-0.32239
11.158,0.53798,-7.9081,2.0148,0.72343,-2.6093,5.9935,-7.2683,1.0638,1.3377,2.5446,0.42514,7.7563,-2.3678,-5.9227,-6.0848,-0.040015,7.7519,9.0335,3.3331,-4.5455,1.0912,-3.7027,-2.8134,-0.54373,0.53565,2.532,-0.22287,7.0138,-6.2816,0.72858,-0.15203,4.411,11.13,12.806,-2.7808,0.040208,-2.681,-3.5622,-1.6224,-0.60646,1.3447,-6.1038,5.3751,6.6826,-1.8363,-3.1812,8.0867,-9.3338,-6.1556,7.5611,7.0794,-5.9395,-2.6144,-3.8234,5.5208,-2.9108,-6.8209,-4.3177,-4.3277,7.4426,-1.3684,-1.087,0.37264,-2.2579,-12.223,-6.0544,6.1733,3.6114,10.302,-10.099,-0.31274,-3.7186,-2.571,-2.0463,4.0503,5.2193,8.771,2.0155,8.164,0.56773,5.4725,-3.05,-4.004,-3.502,-0.76888,3.3328,-3.1275,6.6664,-3.6334,-3.7853,81.264,5.1129,-0.35452,-0.50529,-0.2021,0.041083,0.28761,-7.7728,1.6893
6.3171,2.5226,-5.1748,-1.6368,-8.1224,5.808,3.6578,6.594,-1.5647,4.7603,-4.9539,-2.8264,-4.2149,5.4977,2.8113,7.318,-7.8268,-0.73002,-1.4538,6.5102,-8.5459,4.1386,1.0172,-2.7813,-3.3146,0.17347,4.4061,-6.8887,-3.8555,-7.317,-7.1667,-3.9995,-1.9673,-2.4622,-4.5859,-8.8734,2.048,3.3461,-0.87706,-3.7659,-5.2269,5.8453,0.29809,-1.1777,0.79398,1.0832,3.1632,3.0123,7.8807,-2.8953,1.3055,8.5138,5.0914,0.014763,-3.7302,-3.2498,3.4505,-1.7994,-1.7493,4.0714,-3.5886,10.07,-4.4735,-4.2533,-1.919,4.8661,3.8938,2.7621,-3.3948,-5.9447,-10.694,2.4326,-5.4818,6.1304,9.1948,-6.3231,0.41943,4.0935,6.322,2.2316,-6.5134,-2.2788,-0.83169,-7.7603,5.102,-0.4065,6.821,-3.1524,2.3343,6.6054,5.5766,5.1129,79.321,10.967,-7.6985,-7.0427,-2.526,-7.4064,7.197,1.3881
-0.12428,-1.0839,2.9407,-4.7523,2.557,8.4054,0.91566,2.1018,-1.9871,-7.3265,2.7025,3.5045,-4.2502,5.3309,3.4753,-0.73983,-1.131,-8.043,0.4268,-7.6827,1.026,-8.7124,6.8977,6.8188,-7.7655,-2.0264,-1.5718,-0.12999,6.6129,-3.8283,-2.9389,2.5842,-0.42472,3.8403,-2.1474,-2.7643,1.3749,2.9963,1.8446,-4.0889,-4.3929,-5.8912,-0.9826,4.4349,4.3349,0.14518,-2.4818,3.3794,2.0399,0.36092,8.0996,-5.4875,-3.7603,4.584,0.94219,-7.7221,4.9908,1.6396,6.6079,-0.95428,-1.0508,-0.29493,-3.9107,6.7178,-5.7071,-2.1388,7.6795,10.21,4.4295,-6.7596,-3.3792,-0.18326,-3.0242,-7.0535,3.7675,-9.3701,0.66943,3.4436,-4.6547,7.7598,-3.873,8.118,3.0113,1.4904,1.3461,3.5132,-3.9836,4.5978,-4.8418,-1.2838,7.1298,-0.35452,10.967,77.128,-6.1185,7.8152,-3.3881,-3.904,-3.3519,-2.4382
-7.8065,1.3305,0.094695,6.4107,8.3934,-1.3279,2.3375,7.1471,-4.9507,-1.6017,-2.8144,2.3119,1.4543,-8.0988,2.0576,1.8037,-2.9839,-4.893,2.7034,-1.1266,3.4952,1.5128,5.0359,-9.5889,-5.2108,0.074312,-8.7213,-3.3842,-2.4229,-6.1312,3.4753,-0.99043,-0.96683,-6.6908,4.8008,-2.3955,-4.1789,-5.7143,1.1621,1.1612,-6.3608,-5.3208,-6.0659,5.7494,-2.9444,-6.8909,4.6492,11.586,-7.2239,-10.289,-10.419,2.6431,1.2297,-9.8661,5.4495,0.40727,-0.81384,5.9756,5.1929,2.9603,-2.2429,-4.0188,-4.9762,0.63243,-0.70077,0.17391,-2.9321,-1.9984,3.561,-1.8285,3.2692,-1.2948,0.59703,0.93515,3.1452,2.3242,-13.358,-1.1358,4.2276,0.57926,-2.6411,-1.3692,6.1575,3.5824,-1.7905,0.22783,0.53198,6.1309,6.5656,9.381,-3.3939,-0.50529,-7.6985,-6.1185,90.008,5.6323,0.13704,-5.5469,-6.6826,2.8784
-11.114,8.9708,7.2347,-2.0559,0.012832,-7.9557,-0.26797,-0.042971,-3.5031,-0.27732,9.7049,-4.3426,1.071,-2.2881,-0.059526,4.3189,1.4607,3.6438,-6.4763,-1.7574,-2.5774,1.1566,0.72896,-2.053,-11.537,5.9163,4.4903,7.1629,1.5184,9.5236,1.6369,-7.9626,-0.15693,-3.2425,-8.6808,0.52181,3.6915,-6.6174,1.8527,1.4049,4.4993,-17.038,0.71312,0.10344,-1.9972,2.3103,-0.093544,0.17391,2.3651,7.8708,-3.3319,-2.486,1.4348,-0.67647,5.7596,7.3143,-6.9249,2.7048,1.5764,4.3413,3.6209,-2.9198,7.8562,0.13564,3.0115,-4.5002,-8.9841,1.5265,1.2269,-0.21251,-4.3579,13.182,-4.093,5.5184,-4.3946,1.0051,-10.803,-6.3641,-7.0031,-0.2838,-0.047505,-6.3451,-6.9687,-4.0033,-1.4682,-5.6443,-2.8936,5.3273,1.8243,2.2865,10.26,-0.2021,-7.0427,7.8152,5.6323,83.455,0.060141,-3.8329,-8.0028,1.886
-4.3258,8.8144,-2.1901,-17.245,-7.9733,3.8146,10.064,-1.1729,-4.4304,8.2153,-5.4848,14.466,-1.696,14.885,1.664,-2.1952,4.7486,-2.4818,-9.7716,-1.2912,-6.4596,-6.6616,-6.8492,6.095,5.9483,-7.2525,2.8365,2.2446,-5.7859,0.54467,-1.5943,1.6527,5.0837,1.3128,-1.6856,2.1695,3.0279,-9.0354,2.1806,-5.4892,-2.4753,5.1917,-3.4942,-7.2148,0.82999,6.1731,12.348,-12.707,-8.2825,-5.8539,0.81832,-6.611,-4.4486,5.0456,-0.70231,1.7355,2.9763,8.5933,9.9231,1.474,-7.2355,-2.6414,-2.4062,2.8318,-9.5068,-9.5815,5.3872,11.305,-7.8567,0.87364,6.2453,-0.77106,-1.9753,1.5226,-12.393,-0.35316,2.1776,14.684,-6.3686,1.7644,-9.4801,-1.9275,-4.6745,3.3887,0.96493,3.33,-7.1759,6.0179,-1.3343,5.2143,-0.43347,0.041083,-2.526,-3.3881,0.13704,0.060141,90.131,1.7794,-2.5043,5.9255
4.8947,-0.78641,2.5627,-6.5068,-5.7747,-1.3168,0.56397,4.4736,8.0061,2.281,1.5371,-0.50697,-4.7703,10.067,3.0484,-1.3429,5.4911,-8.1419,0.66452,1.5196,1.2245,0.60948,-3.7114,0.90494,-7.4835,-3.2536,6.3482,-1.3013,-7.1318,1.0587,-1.8936,5.1407,9.7282,5.0903,1.0553,-0.074126,-5.2974,4.5106,-0.024743,0.71604,5.4676,0.16716,5.4474,6.6772,-2.309,2.5938,8.0347,5.0314,-1.1318,2.3999,3.4928,-8.8522,1.8785,1.5026,-0.088418,2.2111,-0.78976,6.1778,7.4529,-5.9323,1.6049,1.9812,6.699,-10.298,2.5061,-0.64284,2.8211,-6.7548,-2.2918,-8.2718,6.4049,5.4762,-2.6688,-6.9901,-1.4842,0.77716,-7.1469,-7.9293,-2.961,-2.8709,-3.7761,2.2795,-1.9037,5.8706,3.448,-1.802,-2.8754,1.1481,0.40998,1.5539,-7.708,0.28761,-7.4064,-3.904,-5.5469,-3.8329,1.7794,80.072,2.7019,-2.9222
-1.4089,-5.8138,-3.152,-7.3462,7.3669,-4.1853,3.8928,-0.86763,4.0711,3.2539,0.9228,3.0071,2.2859,2.0504,6.2215,1.7017,-0.063007,-4.2635,-10.483,9.6032,0.67306,-0.050339,-5.9007,-3.4723,-4.1757,-4.2173,-3.3124,-0.26151,-5.474,6.8881,-2.4758,-4.8094,-2.1212,6.7064,-3.7241,-1.4428,0.70278,0.15111,-3.5394,4.261,6.1408,4.2531,5.9288,-0.11643,-3.1844,1.6226,9.2422,3.7599,-0.077416,-2.1816,-11.834,-7.4109,-0.44171,12.143,5.5088,-4.1838,-6.4022,2.6382,-8.1869,6.4383,8.0032,3.2931,-9.0592,-6.466,10.148,-1.2951,0.94851,-8.9569,-3.688,-1.1101,2.1244,3.0548,-4.9633,4.7534,-2.4922,4.9594,-0.86777,-8.9402,2.3606,1.456,1.7429,-3.6217,-5.0518,1.0407,4.4337,5.6727,5.8587,-9.962,-1.7439,3.6212,-1.1499,-7.7728,7.197,-3.3519,-6.6826,-8.0028,-2.5043,2.7019,85.089,-5.7267
-3.4557,-4.6389,-0.8095,-6.1011,-9.557,-6.4484,8.0951,-2.0619,5.7605,-10.3,-3.4015,-3.1882,1.2053,4.6821,-2.426,-1.8739,11.43,-2.5547,5.5832,2.2466,-6.1701,-0.22044,8.6949,-2.3555,-10.919,6.0746,3.7206,-3.5071,-1.3664,-5.9031,3.1309,3.4623,5.4933,-5.4728,-4.8493,1.779,1.4142,-7.5465,-3.3269,3.9502,-4.8036,-4.3523,-4.655,-1.9399,7.1073,3.9795,-7.8128,4.4809,3.2539,5.9277,-6.4601,-8.8769,-2.7703,-0.20821,-1.4641,-3.0859,1.5226,7.3562,10.329,-4.361,6.6826,0.50587,-4.1073,4.8601,-4.8534,1.9016,2.0543,-2.3895,4.4712,2.4866,-5.9667,-2.9987,5.0905,0.21344,-3.5626,-0.84349,2.7269,1.78,5.8794,-4.1136,-4.0432,-3.8139,9.7201,-1.2699,-1.6244,6.5493,7.9631,-6.4574,2.3164,6.7107,-0.32239,1.6893,1.3881,-2.4382,2.8784,1.886,5.9255,-2.9222,-5.7267,82.75
